,id,state,gender,median_home_val,median_household_income,ic2,ic3,ic4,ic5,avggift,target_d,rooms_per_neigh,population_per_household
3,21885,NC,M,1158.437751,401.0,407.0,399.0,413.0,14014.0,27.27777778,38.0,1.0350877192982457,1.0200501253132832
2052,107569,NE,M,443.0,231.0,288.0,281.0,323.0,11042.0,36.11111111,50.0,1.1494661921708185,1.0249110320284698
9,141720,NV,F,1569.0,673.0,672.0,785.0,781.0,25775.0,13.0,5.0,0.9949044585987261,0.8560509554140128
10,186272,CA,F,3515.0,521.0,565.0,549.0,588.0,20068.0,8.64,10.0,1.0710382513661203,1.029143897996357
2059,1068,CA,F,3528.0,814.0,808.0,867.0,867.0,25564.0,6.162790698,5.0,1.0,0.9319492502883506
2058,3651,MI,F,668.0,300.0,322.0,344.0,385.0,,25.83333333,25.0,1.119186046511628,0.936046511627907
2068,147753,CA,F,4778.0,792.0,981.0,849.0,987.0,35530.0,19.25,25.0,1.1625441696113075,1.1554770318021201
21,87259,MT,M,717.0,302.0,458.0,349.0,432.0,15614.0,,25.0,1.2378223495702005,1.3123209169054442
2072,96175,IL,M,258.0,60.0,120.0,89.0,209.0,4884.0,5.555555556,5.0,2.348314606741573,1.348314606741573
2075,110425,LA,F,,95.0,103.0,162.0,182.0,6104.0,13.33333333,20.0,1.123456790123457,0.6358024691358025
2076,54897,GA,F,1271.0,733.0,752.0,743.0,752.0,23282.0,15.09090909,20.0,1.012113055181696,1.012113055181696
2080,175847,OR,F,2070.0,540.0,781.0,678.0,876.0,33467.0,5.5,10.0,1.2920353982300885,1.1519174041297935
32,116894,TX,M,1158.437751,368.0,457.0,450.0,531.0,33797.0,12.25,20.0,1.18,1.0155555555555555
35,26271,GA,F,878.0,310.0,517.0,433.0,588.0,22281.0,10.13333333,16.0,1.3579676674364896,1.1939953810623556
2084,8276,CA,M,5914.0,,1500.0,1275.0,1282.0,58689.0,12.63157895,15.0,1.0054901960784313,1.1764705882352942
2087,157817,CA,F,2356.0,520.0,683.0,651.0,762.0,31180.0,11.28,11.0,1.1705069124423964,1.0491551459293396
2088,135296,AZ,F,967.0,254.0,359.0,287.0,408.0,19177.0,6.333333333,11.0,1.421602787456446,1.2508710801393728
48,6909,CO,M,383.0,,256.0,359.0,380.0,14045.0,13.82352941,15.0,1.0584958217270195,0.713091922005571
50,163018,CA,M,3500.0,351.0,260.0,463.0,407.0,,15.66666667,24.0,0.8790496760259179,0.5615550755939525
2099,112496,AR,F,1906.0,512.0,540.0,759.0,896.0,41437.0,8.125,10.0,1.1805006587615283,0.7114624505928854
52,33356,FL,F,625.0,246.0,466.0,362.0,536.0,19102.0,14.09090909,20.0,1.4806629834254144,1.287292817679558
54,21259,NC,F,716.0,146.0,339.0,227.0,382.0,11136.0,12.47826087,15.0,1.6828193832599119,1.4933920704845816
55,128987,TX,F,1247.0,215.0,313.0,350.0,444.0,16891.0,26.33333333,41.0,1.2685714285714285,0.8942857142857142
57,154709,CA,F,1431.0,291.0,390.0,315.0,376.0,10498.0,13.0,5.0,1.1936507936507936,1.2380952380952381
2108,174271,HI,M,2786.0,301.0,366.0,340.0,393.0,16808.0,,18.0,1.1558823529411764,1.076470588235294
62,21305,NC,M,415.0,199.0,308.0,242.0,300.0,11449.0,8.333333333,10.0,1.2396694214876034,1.2727272727272727
63,98470,IL,F,492.0,172.0,384.0,276.0,399.0,13218.0,8.75,14.0,1.4456521739130435,1.391304347826087
65,158101,CA,M,3668.0,690.0,693.0,781.0,780.0,32964.0,15.0,15.0,0.998719590268886,0.8873239436619719
66,150043,CA,M,3491.0,791.0,828.0,853.0,903.0,32718.0,20.0,20.0,1.0586166471277842,0.9706916764361079
2113,162271,CA,M,4474.0,467.0,608.0,583.0,687.0,27544.0,,15.0,1.1783876500857633,1.0428816466552315
2116,148546,CA,M,4286.0,811.0,910.0,883.0,947.0,33614.0,5.133333333,6.0,1.072480181200453,1.030577576443941
70,86000,SD,F,,205.0,318.0,245.0,309.0,11192.0,11.25,10.0,1.2612244897959184,1.2979591836734694
71,13265,AL,F,417.0,122.0,283.0,160.0,250.0,9715.0,7.75,11.0,1.5625,1.76875
2120,441,IL,F,550.0,91.0,163.0,166.0,254.0,10050.0,5.5,10.0,1.5301204819277108,0.9819277108433735
2121,132347,CA,M,3874.0,776.0,759.0,865.0,852.0,29217.0,,20.0,0.9849710982658959,0.8774566473988439
77,85416,CA,F,3303.0,533.0,568.0,586.0,614.0,24251.0,14.0,25.0,1.0477815699658704,0.9692832764505119
86,147406,CA,M,,1054.0,1220.0,1058.0,1128.0,52654.0,30.94117647,38.0,1.0661625708884688,1.1531190926275992
89,137548,AZ,M,2158.0,411.0,516.0,535.0,640.0,33235.0,7.933333333,9.0,1.1962616822429906,0.9644859813084112
2145,38539,FL,F,1458.0,275.0,446.0,427.0,597.0,34713.0,5.5,13.0,1.3981264637002342,1.044496487119438
102,164306,CA,F,2725.0,629.0,684.0,662.0,734.0,24424.0,15.0,30.0,1.108761329305136,1.0332326283987916
2150,162213,CA,M,,665.0,780.0,737.0,827.0,37898.0,10.30769231,7.0,1.1221166892808685,1.0583446404341927
104,19094,CT,F,1373.0,472.0,463.0,504.0,517.0,17363.0,28.33333333,40.0,1.0257936507936507,0.9186507936507936
110,167892,CA,F,3259.0,267.0,626.0,508.0,591.0,19399.0,7.666666667,10.0,1.1633858267716535,1.2322834645669292
115,108371,LA,F,717.0,190.0,313.0,235.0,302.0,10888.0,24.16666667,20.0,1.2851063829787235,1.3319148936170213
119,187769,CA,M,5059.0,693.0,752.0,751.0,847.0,29368.0,10.6,25.0,1.1278295605858855,1.0013315579227697
120,191056,CA,M,5667.0,492.0,808.0,594.0,848.0,51280.0,28.83333333,47.0,1.4276094276094276,1.3602693602693603
121,151891,CA,F,2750.0,668.0,701.0,717.0,781.0,26199.0,11.44444444,15.0,1.089260808926081,0.9776847977684798
2171,149598,CA,F,2679.0,564.0,600.0,595.0,592.0,,8.95,10.0,0.9949579831932773,1.0084033613445378
124,172846,CA,M,1417.0,406.0,341.0,519.0,508.0,18590.0,14.11111111,10.0,0.9788053949903661,0.6570327552986512
127,35276,FL,F,3542.0,642.0,690.0,807.0,843.0,53131.0,6.642857143,10.0,1.0446096654275092,0.8550185873605948
2178,158615,CA,F,2875.0,290.0,374.0,347.0,442.0,24936.0,10.0,15.0,1.2737752161383284,1.0778097982708934
2179,153353,CA,F,885.0,207.0,171.0,263.0,220.0,6142.0,18.2,27.0,0.8365019011406845,0.6501901140684411
2181,71744,MI,M,727.0,148.0,383.0,260.0,463.0,18187.0,17.0,36.0,1.7807692307692307,1.4730769230769232
134,13239,FL,M,3083.0,166.0,270.0,233.0,332.0,16019.0,2.916666667,3.0,1.4248927038626609,1.1587982832618027
2184,190789,MI,M,1770.0,712.0,720.0,713.0,730.0,24238.0,12.0,18.0,1.023842917251052,1.0098176718092566
145,87939,IL,M,5294.0,1035.0,1165.0,1012.0,1065.0,60053.0,13.0,30.0,1.0523715415019763,1.151185770750988
148,156568,CA,F,3020.0,756.0,765.0,809.0,823.0,26135.0,40.08333333,75.0,1.0173053152039555,0.9456118665018541
149,130485,CO,F,431.0,258.0,342.0,386.0,541.0,25828.0,8.571428571,16.0,1.4015544041450778,0.8860103626943006
159,143528,CA,F,2925.0,288.0,305.0,353.0,376.0,23046.0,7.523809524,10.0,1.065155807365439,0.8640226628895185
2208,55408,MS,M,1449.0,735.0,783.0,720.0,791.0,29612.0,5.25,4.0,1.0986111111111112,1.0875
2212,143069,CA,M,3431.0,549.0,626.0,610.0,664.0,20683.0,15.2,20.0,1.0885245901639344,1.0262295081967212
165,142579,CA,F,3149.0,504.0,601.0,562.0,672.0,,10.71428571,20.0,1.195729537366548,1.0693950177935942
166,162209,CA,F,5266.0,495.0,675.0,669.0,785.0,43828.0,9.2,10.0,1.1733931240657698,1.0089686098654709
2214,144110,CA,F,5882.0,533.0,596.0,623.0,657.0,31652.0,9.777777778,15.0,1.0545746388443018,0.956661316211878
2221,65114,MI,M,764.0,221.0,385.0,305.0,458.0,16824.0,3.966666667,3.0,1.501639344262295,1.2622950819672132
174,94851,IL,F,2333.0,316.0,643.0,420.0,744.0,33535.0,7.307692308,10.0,1.7714285714285714,1.5309523809523808
176,175579,OR,F,377.0,171.0,199.0,219.0,187.0,21980.0,16.66666667,20.0,0.8538812785388128,0.908675799086758
178,68441,MI,F,348.0,184.0,269.0,264.0,316.0,11686.0,27.5,30.0,1.196969696969697,1.018939393939394
181,94915,IL,F,1463.0,117.0,439.0,266.0,523.0,13344.0,12.16666667,15.0,1.9661654135338347,1.650375939849624
185,157672,CA,M,4206.0,789.0,804.0,834.0,850.0,37411.0,12.66666667,10.0,1.0191846522781776,0.9640287769784173
2233,165719,CA,F,3567.0,639.0,739.0,710.0,832.0,35491.0,3.411764706,4.0,1.171830985915493,1.0408450704225352
191,157807,CA,M,2559.0,581.0,591.0,614.0,651.0,21559.0,10.25,16.0,1.0602605863192183,0.9625407166123778
194,163506,CA,F,3556.0,735.0,701.0,838.0,805.0,34382.0,15.85714286,15.0,0.9606205250596659,0.8365155131264916
2242,117711,TX,F,271.0,114.0,180.0,168.0,258.0,7545.0,13.6,16.0,1.5357142857142858,1.0714285714285714
2249,87016,MT,F,425.0,169.0,163.0,277.0,163.0,17618.0,22.83333333,23.0,0.5884476534296029,0.5884476534296029
2250,12666,AZ,M,863.0,274.0,325.0,368.0,446.0,,68.8,75.0,1.2119565217391304,0.8831521739130435
2253,145231,CA,F,0.0,303.0,664.0,388.0,725.0,33139.0,5.466666667,6.0,1.8685567010309279,1.711340206185567
208,120115,TX,M,274.0,154.0,214.0,199.0,256.0,8881.0,40.875,200.0,1.2864321608040201,1.0753768844221105
2263,6183,WA,M,1598.0,510.0,514.0,557.0,568.0,17443.0,25.8,100.0,1.0197486535008977,0.9228007181328546
217,191779,FL,M,1432.0,636.0,693.0,680.0,772.0,35544.0,25.0,150.0,1.1352941176470588,1.0191176470588235
218,169881,CA,F,2598.0,,557.0,562.0,661.0,31631.0,8.222222222,15.0,1.1761565836298933,0.9911032028469751
219,144356,CA,F,2855.0,,385.0,484.0,537.0,18525.0,6.538461539,20.0,1.109504132231405,0.7954545454545454
220,186528,TX,F,535.0,244.0,437.0,317.0,402.0,17053.0,9.8125,15.0,1.2681388012618298,1.3785488958990537
223,146269,CA,F,2973.0,576.0,591.0,624.0,654.0,,7.25,10.0,1.0480769230769231,0.9471153846153846
2271,162606,CA,F,2653.0,418.0,417.0,448.0,444.0,13440.0,,9.0,0.9910714285714286,0.9308035714285714
225,116251,TX,F,1274.0,789.0,798.0,804.0,825.0,26360.0,6.409090909,10.0,1.0261194029850746,0.9925373134328358
2272,141809,CA,F,788.0,71.0,119.0,116.0,155.0,6409.0,8.2,8.0,1.3362068965517242,1.0258620689655173
238,93742,IL,F,562.0,360.0,480.0,388.0,474.0,12391.0,20.0,30.0,1.2216494845360826,1.2371134020618557
2288,162343,CA,M,5283.0,613.0,696.0,674.0,742.0,29050.0,10.63636364,20.0,1.1008902077151335,1.032640949554896
241,168038,CA,M,5939.0,1214.0,1211.0,1080.0,1085.0,64833.0,20.0,36.0,1.0046296296296295,1.1212962962962962
245,162300,CA,M,5190.0,870.0,892.0,871.0,918.0,39481.0,9.888888889,20.0,1.0539609644087256,1.024110218140069
246,163081,CA,M,3912.0,351.0,410.0,404.0,454.0,19508.0,6.0,7.0,1.1237623762376239,1.0148514851485149
247,14000,OK,F,1537.0,791.0,783.0,916.0,949.0,32640.0,11.0625,12.0,1.0360262008733625,0.8548034934497817
251,116420,TX,M,1951.0,807.0,838.0,870.0,896.0,31111.0,9.333333333,20.0,1.0298850574712644,0.9632183908045977
254,785,MI,M,613.0,146.0,267.0,209.0,349.0,13209.0,17.5,18.0,1.6698564593301435,1.277511961722488
2304,167149,CA,M,2961.0,664.0,665.0,716.0,708.0,23204.0,14.66666667,20.0,0.9888268156424581,0.9287709497206704
257,141189,NV,F,1163.0,468.0,493.0,511.0,548.0,18824.0,53.0,25.0,1.0724070450097847,0.9647749510763209
258,1544,HI,F,3260.0,509.0,542.0,552.0,581.0,19165.0,13.0,10.0,1.0525362318840579,0.9818840579710145
2310,7265,CA,F,1465.0,,341.0,369.0,519.0,,10.70588235,10.0,1.4065040650406504,0.924119241192412
2311,159178,CA,M,2765.0,695.0,709.0,733.0,753.0,,8.833333333,10.0,1.0272851296043657,0.9672578444747613
2315,186271,CA,M,3529.0,564.0,648.0,633.0,719.0,26107.0,19.85714286,40.0,1.1358609794628751,1.0236966824644549
273,62295,IN,F,581.0,369.0,372.0,369.0,383.0,12835.0,25.5,20.0,1.037940379403794,1.008130081300813
274,162650,CA,M,3010.0,410.0,518.0,431.0,559.0,19149.0,8.333333333,5.0,1.296983758700696,1.2018561484918793
2326,145480,CA,F,3326.0,528.0,600.0,582.0,603.0,20390.0,7.785714286,12.0,1.0360824742268042,1.0309278350515463
281,70079,MI,F,365.0,98.0,310.0,221.0,330.0,9470.0,,15.0,1.493212669683258,1.4027149321266967
287,65634,MI,F,413.0,95.0,171.0,123.0,231.0,9020.0,10.16666667,12.0,1.8780487804878048,1.3902439024390243
2339,90680,IL,F,2169.0,862.0,911.0,899.0,951.0,35357.0,12.61538462,24.0,1.0578420467185763,1.0133481646273637
296,162814,CA,M,3365.0,544.0,525.0,655.0,621.0,27608.0,6.2,10.0,0.9480916030534351,0.8015267175572519
2345,148991,CA,F,3209.0,568.0,728.0,648.0,759.0,28817.0,19.4,25.0,1.1712962962962963,1.123456790123457
300,14276,CA,F,3200.0,267.0,292.0,325.0,338.0,11115.0,13.2,15.0,1.04,0.8984615384615384
2349,31959,FL,M,1548.0,572.0,632.0,646.0,736.0,40741.0,25.0,20.0,1.1393188854489165,0.978328173374613
2350,13805,CA,M,1315.0,304.0,369.0,355.0,409.0,,27.5,10.7,1.152112676056338,1.0394366197183098
2352,28339,GA,F,2152.0,,634.0,501.0,738.0,28753.0,11.1,11.0,1.473053892215569,1.2654690618762474
2355,45656,FL,M,566.0,218.0,242.0,249.0,272.0,11438.0,27.5,27.0,1.0923694779116466,0.9718875502008032
2356,175471,OR,F,813.0,239.0,368.0,301.0,411.0,16248.0,6.571428571,5.0,1.3654485049833887,1.2225913621262459
2362,166711,CA,F,675.0,344.0,520.0,438.0,589.0,23719.0,22.66666667,45.0,1.3447488584474885,1.187214611872146
2363,78669,WI,F,693.0,124.0,389.0,223.0,383.0,12596.0,4.5,6.0,1.7174887892376682,1.7443946188340806
2367,162026,CA,M,5965.0,1168.0,1261.0,1053.0,1089.0,68814.0,9.857142857,16.0,1.0341880341880343,1.1975308641975309
320,67030,MI,M,388.0,364.0,410.0,413.0,433.0,12601.0,33.33333333,50.0,1.0484261501210654,0.9927360774818402
2369,90727,IL,M,3671.0,1107.0,1158.0,1043.0,1108.0,37135.0,5.357142857,5.0,1.062320230105465,1.1102588686481305
321,122279,TX,F,1680.0,884.0,878.0,943.0,935.0,27875.0,5.076923077,5.0,0.9915164369034994,0.9310710498409331
2370,46560,FL,M,1930.0,462.0,520.0,581.0,648.0,31606.0,9.363636364,5.0,1.1153184165232357,0.8950086058519794
2371,2321,CA,M,2170.0,412.0,421.0,461.0,500.0,,38.66666667,25.0,1.0845986984815619,0.913232104121475
2375,88735,IL,F,617.0,129.0,322.0,200.0,308.0,9955.0,5.88,10.0,1.54,1.61
330,81067,WI,F,363.0,76.0,127.0,115.0,158.0,9086.0,15.0,15.0,1.373913043478261,1.1043478260869566
335,40516,FL,F,1938.0,483.0,787.0,629.0,807.0,47363.0,12.33333333,21.0,1.2829888712241653,1.2511923688394277
2385,188284,NC,F,2989.0,289.0,358.0,387.0,470.0,21395.0,5.1,5.0,1.2144702842377262,0.9250645994832042
338,144076,CA,M,5980.0,1500.0,1500.0,1124.0,1217.0,94863.0,38.75,50.0,1.0827402135231317,1.3345195729537367
2390,364,CA,F,3100.0,133.0,488.0,306.0,497.0,18262.0,,10.0,1.6241830065359477,1.5947712418300655
2391,163857,CA,M,3564.0,456.0,534.0,518.0,594.0,22726.0,20.0,25.0,1.1467181467181466,1.0308880308880308
2392,12312,CA,F,1398.0,150.0,213.0,223.0,272.0,8690.0,122.1666667,95.0,1.2197309417040358,0.9551569506726457
354,164217,CA,M,2869.0,630.0,668.0,686.0,745.0,24945.0,14.16666667,25.0,1.08600583090379,0.9737609329446064
361,34319,FL,M,714.0,390.0,465.0,437.0,507.0,18391.0,50.0,25.0,1.160183066361556,1.0640732265446224
364,153818,CA,F,2780.0,574.0,587.0,653.0,677.0,29871.0,9.828571429,10.0,1.0367534456355283,0.8989280245022971
365,152641,CA,F,1538.0,319.0,305.0,349.0,351.0,11046.0,30.0,50.0,1.005730659025788,0.8739255014326648
2414,122988,TX,F,735.0,418.0,571.0,461.0,553.0,16097.0,15.0,14.0,1.1995661605206074,1.2386117136659436
2415,142765,CA,M,2578.0,338.0,347.0,415.0,430.0,11844.0,13.18181818,20.0,1.036144578313253,0.8361445783132531
2421,107040,NE,M,613.0,259.0,348.0,299.0,402.0,17455.0,7.076923077,10.0,1.3444816053511706,1.1638795986622072
375,77107,WI,M,1438.0,619.0,691.0,744.0,801.0,30386.0,11.7,14.0,1.0766129032258065,0.928763440860215
377,152053,CA,F,3071.0,626.0,694.0,704.0,746.0,24844.0,12.53333333,25.0,1.0596590909090908,0.9857954545454546
2425,132522,WY,M,1188.0,102.0,169.0,187.0,269.0,12641.0,5.5,7.0,1.4385026737967914,0.9037433155080213
380,166337,CA,M,5813.0,1221.0,1302.0,1077.0,1191.0,60492.0,15.0,15.0,1.105849582172702,1.2089136490250696
2429,154055,CA,F,2953.0,247.0,307.0,303.0,384.0,16742.0,,10.0,1.2673267326732673,1.0132013201320131
2431,157275,CA,F,3454.0,470.0,571.0,553.0,665.0,34702.0,13.5625,10.0,1.2025316455696202,1.0325497287522605
384,168389,CA,F,2930.0,372.0,454.0,456.0,491.0,24747.0,15.0,20.0,1.0767543859649122,0.9956140350877193
385,14982,CA,F,3370.0,342.0,346.0,356.0,401.0,15765.0,16.06666667,15.0,1.1264044943820224,0.9719101123595506
2436,164461,CA,M,2632.0,517.0,572.0,571.0,618.0,22438.0,6.6,8.0,1.0823117338003503,1.001751313485114
388,4907,MT,F,553.0,238.0,381.0,270.0,323.0,12885.0,13.65909091,22.0,1.1962962962962962,1.4111111111111112
2440,183747,WA,F,902.0,374.0,367.0,505.0,505.0,20810.0,18.75,25.0,1.0,0.7267326732673267
398,49743,AL,M,582.0,217.0,363.0,275.0,375.0,12588.0,16.0,22.0,1.3636363636363635,1.32
400,172420,CA,F,988.0,169.0,246.0,247.0,344.0,9190.0,6.25,6.0,1.3927125506072875,0.9959514170040485
2449,190412,CO,F,1956.0,768.0,803.0,842.0,874.0,36868.0,18.0952381,20.0,1.0380047505938241,0.9536817102137767
403,169780,CA,F,1650.0,219.0,225.0,304.0,319.0,12994.0,12.5,10.0,1.049342105263158,0.7401315789473685
2452,168259,CA,M,3365.0,725.0,742.0,766.0,771.0,25852.0,,10.0,1.0065274151436032,0.9686684073107049
405,117230,TX,M,406.0,186.0,226.0,183.0,203.0,8797.0,5.7,11.0,1.1092896174863387,1.2349726775956285
416,168189,CA,M,2794.0,637.0,630.0,671.0,678.0,23035.0,,15.0,1.0104321907600595,0.9388971684053651
417,148998,CA,F,3233.0,684.0,753.0,714.0,781.0,26104.0,16.81818182,25.0,1.0938375350140057,1.0546218487394958
420,88596,IL,F,1897.0,406.0,519.0,476.0,664.0,26951.0,10.0,14.0,1.3949579831932772,1.0903361344537814
2469,127030,TX,F,517.0,223.0,321.0,287.0,398.0,17671.0,8.0,10.0,1.386759581881533,1.1184668989547037
421,155266,CA,F,641.0,123.0,168.0,236.0,279.0,8046.0,9.462962963,11.0,1.1822033898305084,0.711864406779661
2471,1054,CA,F,1161.0,197.0,289.0,262.0,350.0,12764.0,6.3,8.0,1.3358778625954197,1.1030534351145038
424,175708,OR,M,532.0,436.0,436.0,486.0,428.0,12734.0,25.0,30.0,0.8806584362139918,0.897119341563786
427,156266,CA,F,3921.0,413.0,410.0,575.0,583.0,21648.0,,20.0,1.0139130434782608,0.7130434782608696
2485,164987,CA,M,4026.0,762.0,787.0,794.0,835.0,31860.0,11.71428571,12.0,1.0516372795969773,0.9911838790931989
438,38734,FL,F,1979.0,350.0,640.0,526.0,738.0,42356.0,16.0,26.0,1.403041825095057,1.2167300380228137
2489,121208,TX,F,5149.0,659.0,1122.0,807.0,1013.0,72797.0,9.961538462,13.0,1.255266418835192,1.3903345724907064
2494,150644,CA,F,3304.0,,614.0,629.0,669.0,21745.0,32.5,35.0,1.0635930047694753,0.9761526232114467
446,51486,TN,M,325.0,119.0,133.0,188.0,210.0,8856.0,6.363636364,6.0,1.1170212765957446,0.7074468085106383
2497,14898,KS,M,,1144.0,1344.0,1036.0,1068.0,79386.0,9.857142857,15.0,1.0308880308880308,1.2972972972972974
458,122465,TX,F,2056.0,906.0,924.0,931.0,957.0,29903.0,7.2,8.0,1.0279269602577874,0.9924812030075187
460,19664,NC,M,2282.0,908.0,945.0,938.0,980.0,42236.0,18.0,10.0,1.044776119402985,1.007462686567164
461,162228,CA,F,2883.0,501.0,532.0,588.0,649.0,,13.33333333,25.0,1.1037414965986394,0.9047619047619048
2509,164246,CA,F,2982.0,609.0,660.0,635.0,713.0,21687.0,7.235294118,15.0,1.1228346456692913,1.0393700787401574
470,26946,GA,F,1672.0,722.0,732.0,765.0,770.0,29286.0,23.0,30.0,1.0065359477124183,0.9568627450980393
2520,175602,OR,F,217.0,97.0,163.0,129.0,149.0,4914.0,3.425925926,3.0,1.1550387596899225,1.2635658914728682
476,180752,WA,M,2800.0,368.0,438.0,500.0,528.0,25386.0,6.166666667,8.0,1.056,0.876
2524,168368,CA,M,3256.0,538.0,603.0,624.0,628.0,21944.0,14.28571429,10.0,1.0064102564102564,0.9663461538461539
2525,166927,CA,M,2763.0,465.0,571.0,530.0,626.0,22975.0,20.0,20.0,1.181132075471698,1.0773584905660378
2526,189723,CO,F,952.0,358.0,432.0,423.0,461.0,16123.0,26.66666667,10.0,1.0898345153664302,1.0212765957446808
482,145120,CA,F,5619.0,572.0,942.0,649.0,995.0,43978.0,12.54545455,10.0,1.5331278890600923,1.4514637904468413
2531,89816,IL,M,2000.0,760.0,773.0,727.0,759.0,22531.0,35.0,25.0,1.0440165061898212,1.0632737276478679
2534,117411,TX,F,904.0,117.0,374.0,185.0,382.0,,13.80555556,20.0,2.0648648648648646,2.0216216216216214
2536,134852,UT,M,735.0,289.0,343.0,334.0,358.0,9048.0,50.0,50.0,1.0718562874251496,1.026946107784431
490,129600,CO,F,593.0,256.0,298.0,336.0,399.0,37734.0,13.0,20.0,1.1875,0.8869047619047619
2539,186699,WI,F,338.0,149.0,145.0,214.0,218.0,5317.0,9.6875,20.0,1.0186915887850467,0.677570093457944
492,165302,CA,F,2811.0,524.0,577.0,599.0,645.0,23861.0,11.08333333,20.0,1.0767946577629381,0.9632721202003339
2540,99276,MO,F,2941.0,654.0,843.0,729.0,879.0,33387.0,13.55555556,15.0,1.205761316872428,1.1563786008230452
494,88766,IL,M,2549.0,715.0,757.0,786.0,839.0,28878.0,,15.0,1.0674300254452926,0.9631043256997456
2543,12011,CA,M,3514.0,691.0,728.0,763.0,795.0,28298.0,8.352941177,11.0,1.0419397116644824,0.9541284403669725
498,67475,MI,F,687.0,111.0,90.0,171.0,172.0,6615.0,5.222222222,5.0,1.0058479532163742,0.5263157894736842
500,131031,CO,F,678.0,155.0,242.0,196.0,306.0,8675.0,8.105263158,18.0,1.5612244897959184,1.2346938775510203
509,148166,CA,F,5372.0,673.0,845.0,801.0,892.0,44570.0,18.75,20.0,1.1136079900124844,1.0549313358302121
2558,157660,CA,F,5811.0,1040.0,1179.0,966.0,1078.0,61440.0,16.5,20.0,1.1159420289855073,1.220496894409938
514,153864,CA,F,3370.0,763.0,824.0,824.0,871.0,32072.0,9.888888889,20.0,1.0570388349514563,1.0
515,145496,CA,M,2803.0,555.0,616.0,546.0,620.0,17655.0,12.2,22.0,1.1355311355311355,1.1282051282051282
518,130756,CO,F,2408.0,906.0,952.0,924.0,961.0,42897.0,15.0,20.0,1.04004329004329,1.0303030303030303
2573,177837,OR,M,597.0,214.0,239.0,252.0,280.0,10247.0,57.5,100.0,1.1111111111111112,0.9484126984126984
2576,148131,CA,F,3992.0,801.0,821.0,839.0,858.0,,10.0,20.0,1.0226460071513708,0.9785458879618594
2578,148030,CA,F,1875.0,226.0,575.0,343.0,622.0,23383.0,6.083333333,10.0,1.813411078717201,1.6763848396501457
2580,163412,CA,F,2841.0,426.0,460.0,476.0,512.0,15278.0,20.0,20.0,1.0756302521008403,0.9663865546218487
533,30366,OK,M,1429.0,724.0,759.0,755.0,813.0,34070.0,5.1875,6.0,1.0768211920529802,1.005298013245033
2584,129945,CO,F,755.0,163.0,233.0,230.0,335.0,15510.0,7.0,7.0,1.4565217391304348,1.0130434782608695
2586,74706,MI,M,350.0,147.0,352.0,224.0,348.0,12182.0,15.0,25.0,1.5535714285714286,1.5714285714285714
2587,7649,TN,F,1318.0,388.0,524.0,466.0,652.0,27280.0,10.04545455,13.0,1.3991416309012876,1.1244635193133048
543,189520,CA,M,4143.0,617.0,690.0,704.0,755.0,25985.0,13.72727273,20.0,1.0724431818181819,0.9801136363636364
2593,14598,NC,M,510.0,261.0,413.0,303.0,401.0,10743.0,20.16666667,50.0,1.3234323432343233,1.363036303630363
550,93184,IL,F,0.0,315.0,423.0,417.0,581.0,34143.0,,10.0,1.3932853717026379,1.014388489208633
2600,149033,CA,F,3514.0,691.0,728.0,763.0,795.0,28298.0,7.333333333,7.0,1.0419397116644824,0.9541284403669725
555,56479,KY,F,139.0,63.0,106.0,92.0,137.0,5159.0,3.3125,4.0,1.4891304347826086,1.1521739130434783
557,5140,CA,M,3247.0,653.0,666.0,722.0,732.0,24693.0,6.147058824,7.0,1.0138504155124655,0.9224376731301939
2609,149110,CA,M,3994.0,522.0,627.0,609.0,734.0,,7.076923077,6.0,1.2052545155993433,1.0295566502463054
564,91591,IL,M,1464.0,256.0,413.0,294.0,457.0,22015.0,9.857142857,10.0,1.554421768707483,1.4047619047619047
566,174182,HI,F,3063.0,337.0,429.0,418.0,506.0,21051.0,20.0,20.0,1.2105263157894737,1.0263157894736843
2614,55293,MS,F,444.0,136.0,143.0,218.0,235.0,11820.0,20.0,25.0,1.0779816513761469,0.6559633027522935
2616,149506,CA,M,5164.0,650.0,715.0,782.0,842.0,50548.0,8.416666667,10.0,1.0767263427109974,0.9143222506393862
2615,188812,MI,M,1076.0,438.0,552.0,425.0,535.0,17353.0,,20.0,1.2588235294117647,1.2988235294117647
570,147936,CA,M,3511.0,373.0,452.0,421.0,491.0,23187.0,5.466666667,5.0,1.166270783847981,1.0736342042755345
2622,76780,IA,F,688.0,408.0,484.0,437.0,510.0,17000.0,33.0,75.0,1.1670480549199085,1.1075514874141876
2623,41901,MI,M,380.0,329.0,355.0,340.0,394.0,12349.0,26.44444444,100.0,1.1588235294117648,1.0441176470588236
578,6006,CO,F,947.0,300.0,360.0,342.0,469.0,17986.0,85.0,100.0,1.371345029239766,1.0526315789473684
580,144714,CA,F,5014.0,756.0,664.0,765.0,770.0,31694.0,,16.0,1.0065359477124183,0.8679738562091504
582,157860,CA,M,3663.0,,777.0,784.0,818.0,27400.0,4.285714286,4.0,1.0433673469387754,0.9910714285714286
2632,41905,FL,F,469.0,133.0,200.0,218.0,302.0,10321.0,6.6,15.0,1.385321100917431,0.9174311926605505
2633,156449,CA,F,3261.0,364.0,430.0,482.0,523.0,,8.25,20.0,1.0850622406639003,0.8921161825726142
584,97552,IL,F,,183.0,288.0,228.0,263.0,8763.0,14.0,50.0,1.1535087719298245,1.263157894736842
590,105984,KS,F,1699.0,462.0,657.0,581.0,787.0,35636.0,,10.0,1.3545611015490533,1.1308089500860585
2639,143691,CA,F,4093.0,585.0,697.0,685.0,776.0,32301.0,15.25,15.0,1.1328467153284671,1.0175182481751825
599,64074,IN,F,325.0,144.0,231.0,178.0,190.0,4578.0,15.0,10.0,1.0674157303370786,1.297752808988764
2652,164796,CA,F,3692.0,783.0,826.0,827.0,864.0,32609.0,,12.0,1.044740024183797,0.9987908101571947
610,144850,CA,F,4183.0,631.0,704.0,671.0,738.0,29875.0,5.428571429,5.0,1.0998509687034277,1.0491803278688525
2660,162313,CA,F,5975.0,1500.0,1500.0,1311.0,1331.0,90600.0,,25.0,1.015255530129672,1.1441647597254005
2662,36690,FL,F,1631.0,682.0,649.0,820.0,831.0,26585.0,10.0,3.0,1.0134146341463415,0.7914634146341464
618,134319,UT,F,742.0,246.0,361.0,287.0,393.0,14377.0,12.0,13.0,1.3693379790940767,1.2578397212543555
2667,171677,CA,F,1375.0,92.0,279.0,125.0,203.0,12453.0,14.25,25.0,1.624,2.232
623,187259,CA,F,4259.0,435.0,498.0,573.0,661.0,,15.0,15.0,1.1535776614310647,0.8691099476439791
2671,184644,AK,M,1594.0,215.0,526.0,330.0,663.0,34426.0,25.0,20.0,2.0090909090909093,1.593939393939394
2676,182325,WA,M,,199.0,278.0,245.0,341.0,13282.0,9.0,10.0,1.3918367346938776,1.1346938775510205
632,173872,HI,F,2789.0,463.0,488.0,524.0,551.0,22012.0,15.0,15.0,1.0515267175572518,0.9312977099236641
2683,75481,IA,M,363.0,250.0,269.0,360.0,390.0,13053.0,5.863636364,8.0,1.0833333333333333,0.7472222222222222
636,160576,CA,M,5470.0,661.0,664.0,781.0,778.0,35092.0,9.75,15.0,0.9961587708066582,0.8501920614596671
639,13551,CA,F,4392.0,516.0,539.0,509.0,549.0,21857.0,28.92307692,10.0,1.0785854616895874,1.0589390962671905
2687,152376,CA,F,2959.0,404.0,434.0,500.0,536.0,19718.0,9.444444444,10.0,1.072,0.868
2690,148213,CA,M,2776.0,651.0,667.0,715.0,717.0,,12.5,14.0,1.0027972027972027,0.9328671328671329
2693,28713,GA,F,3306.0,1090.0,1109.0,1060.0,1065.0,34893.0,15.1,21.0,1.0047169811320755,1.0462264150943397
649,143523,CA,F,2833.0,207.0,172.0,282.0,278.0,15398.0,3.705882353,3.0,0.9858156028368794,0.6099290780141844
2700,165033,CA,M,3207.0,705.0,763.0,708.0,754.0,26498.0,16.25,10.0,1.0649717514124293,1.0776836158192091
655,12454,IL,M,,740.0,962.0,867.0,985.0,62084.0,9.0,15.0,1.1361014994232987,1.1095732410611303
2705,7048,CA,M,3431.0,549.0,626.0,610.0,664.0,20683.0,9.941176471,15.0,1.0885245901639344,1.0262295081967212
660,169280,CA,F,1875.0,,138.0,96.0,138.0,9127.0,8.333333333,10.0,1.4375,1.4375
2709,169813,CA,F,3247.0,653.0,666.0,722.0,732.0,24693.0,11.0,15.0,1.0138504155124655,0.9224376731301939
663,121759,TX,M,1565.0,713.0,741.0,838.0,905.0,39534.0,12.4,20.0,1.0799522673031026,0.8842482100238663
665,168423,CA,F,3325.0,597.0,603.0,611.0,600.0,18694.0,20.0,25.0,0.9819967266775778,0.9869067103109657
2714,56831,KY,M,1368.0,723.0,741.0,759.0,779.0,27195.0,9.166666667,15.0,1.0263504611330698,0.9762845849802372
667,157573,CA,F,2438.0,540.0,672.0,588.0,687.0,30429.0,40.75,47.0,1.1683673469387754,1.1428571428571428
2715,139107,AZ,F,830.0,250.0,260.0,278.0,296.0,10544.0,52.0,50.0,1.064748201438849,0.935251798561151
670,148511,CA,F,3231.0,339.0,536.0,444.0,627.0,22508.0,11.75,20.0,1.412162162162162,1.2072072072072073
671,3579,CA,M,3937.0,450.0,581.0,578.0,680.0,29888.0,15.33333333,18.0,1.1764705882352942,1.005190311418685
672,542,WI,M,535.0,192.0,303.0,263.0,374.0,11878.0,6.285714286,10.0,1.4220532319391634,1.1520912547528517
2723,117552,TX,F,2650.0,853.0,965.0,870.0,987.0,41814.0,13.75,20.0,1.1344827586206896,1.1091954022988506
676,121718,TX,M,1139.0,303.0,566.0,455.0,633.0,,17.5,30.0,1.3912087912087912,1.243956043956044
677,68807,TX,F,3741.0,1376.0,1469.0,1157.0,1183.0,57103.0,9.0,15.0,1.0224719101123596,1.2696629213483146
679,146703,CA,F,675.0,172.0,379.0,242.0,405.0,17897.0,12.5,15.0,1.6735537190082646,1.5661157024793388
2728,37637,FL,F,1305.0,511.0,650.0,605.0,705.0,35196.0,7.583333333,10.0,1.165289256198347,1.0743801652892562
683,116930,TX,F,3760.0,705.0,761.0,800.0,862.0,47863.0,11.9,20.0,1.0775,0.95125
684,20338,NC,M,1991.0,478.0,538.0,615.0,692.0,34641.0,8.636363636,12.5,1.1252032520325204,0.8747967479674796
686,46687,AL,F,413.0,72.0,306.0,132.0,246.0,7241.0,5.115384615,10.0,1.8636363636363635,2.3181818181818183
689,149644,CA,F,3206.0,313.0,399.0,383.0,465.0,,20.0,20.0,1.2140992167101827,1.04177545691906
691,186486,CA,F,5045.0,604.0,663.0,703.0,797.0,42488.0,5.5,3.0,1.1337126600284495,0.9431009957325747
692,148544,CA,F,4286.0,811.0,910.0,883.0,947.0,33614.0,13.6,10.0,1.072480181200453,1.030577576443941
2740,144099,CA,F,5000.0,,643.0,612.0,766.0,39964.0,15.5,17.0,1.2516339869281046,1.0506535947712419
2739,23022,SC,M,777.0,297.0,424.0,353.0,563.0,24342.0,13.16666667,15.0,1.594900849858357,1.2011331444759208
2743,166742,CA,F,4705.0,839.0,858.0,904.0,930.0,41201.0,9.636363636,12.0,1.0287610619469028,0.9491150442477876
697,165102,CA,M,2973.0,614.0,674.0,656.0,721.0,30483.0,25.0,25.0,1.0990853658536586,1.0274390243902438
699,166375,CA,F,3373.0,546.0,670.0,633.0,752.0,32474.0,7.0,11.0,1.187993680884676,1.0584518167456556
2747,167165,CA,F,2600.0,345.0,435.0,424.0,503.0,18743.0,11.0,16.0,1.1863207547169812,1.025943396226415
2748,162169,CA,M,3451.0,599.0,636.0,645.0,691.0,22424.0,15.0,20.0,1.0713178294573644,0.986046511627907
706,173508,HI,M,,696.0,715.0,774.0,786.0,24913.0,15.0,25.0,1.0155038759689923,0.9237726098191215
2754,123667,TX,F,1287.0,534.0,553.0,604.0,632.0,31394.0,17.125,15.0,1.0463576158940397,0.9155629139072847
2757,159417,CA,F,2574.0,305.0,308.0,338.0,348.0,11908.0,13.71428571,25.0,1.029585798816568,0.9112426035502958
710,185052,TX,M,2442.0,641.0,993.0,764.0,931.0,38212.0,,100.0,1.218586387434555,1.299738219895288
712,6304,KS,M,500.0,272.0,438.0,381.0,451.0,30968.0,12.05555556,20.0,1.1837270341207349,1.1496062992125984
2761,167396,CA,M,4764.0,784.0,791.0,829.0,844.0,33464.0,20.0,20.0,1.0180940892641737,0.9541616405307599
719,125181,TX,F,2469.0,346.0,767.0,559.0,835.0,47151.0,7.5,8.0,1.4937388193202146,1.372093023255814
2774,148143,CA,F,3992.0,801.0,821.0,839.0,858.0,29156.0,6.666666667,20.0,1.0226460071513708,0.9785458879618594
728,161980,CA,M,3197.0,296.0,347.0,328.0,380.0,13818.0,4.111111111,4.0,1.1585365853658536,1.0579268292682926
2776,107379,NE,F,493.0,215.0,297.0,238.0,321.0,9071.0,5.206896552,5.0,1.3487394957983194,1.2478991596638656
731,7917,CA,M,5332.0,522.0,546.0,677.0,744.0,35022.0,4.814814815,3.0,1.0989660265878878,0.8064992614475628
733,168234,CA,F,3514.0,531.0,682.0,625.0,833.0,38075.0,23.0,23.0,1.3328,1.0912
2782,28406,GA,M,,982.0,1311.0,954.0,1114.0,68148.0,12.0,19.0,1.1677148846960168,1.3742138364779874
736,162208,CA,M,5791.0,782.0,835.0,814.0,867.0,34593.0,9.846153846,10.0,1.065110565110565,1.0257985257985258
739,19323,NC,M,740.0,279.0,295.0,358.0,398.0,12653.0,31.75,16.87,1.111731843575419,0.8240223463687151
747,24212,SC,M,2817.0,767.0,863.0,866.0,917.0,39319.0,6.25,6.0,1.0588914549653579,0.9965357967667436
2796,88572,IL,F,,406.0,519.0,476.0,664.0,26951.0,15.0,15.0,1.3949579831932772,1.0903361344537814
2801,92963,IL,M,900.0,437.0,1151.0,643.0,1093.0,64360.0,20.0,20.0,1.6998444790046656,1.7900466562986004
757,160579,CA,F,3531.0,506.0,554.0,581.0,626.0,23233.0,9.540540541,9.0,1.0774526678141136,0.9535283993115319
762,4544,CA,M,5132.0,655.0,757.0,721.0,826.0,38854.0,19.73684211,20.0,1.145631067961165,1.0499306518723994
765,57349,KY,F,685.0,288.0,405.0,320.0,379.0,,6.0,7.0,1.184375,1.265625
2818,129408,CO,M,818.0,405.0,425.0,426.0,438.0,13951.0,27.28571429,45.0,1.028169014084507,0.9976525821596244
773,190837,WI,F,432.0,203.0,300.0,226.0,323.0,9769.0,8.125,11.0,1.4292035398230087,1.3274336283185841
2823,172888,CA,F,988.0,160.0,164.0,223.0,244.0,8591.0,15.0,15.0,1.094170403587444,0.7354260089686099
776,14233,WY,M,307.0,184.0,264.0,247.0,341.0,10860.0,18.33333333,25.0,1.3805668016194332,1.0688259109311742
778,149757,CA,F,4167.0,213.0,376.0,224.0,279.0,11264.0,,22.0,1.2455357142857142,1.6785714285714286
2827,143518,CA,M,3645.0,336.0,414.0,428.0,491.0,27066.0,12.625,17.0,1.147196261682243,0.9672897196261683
2826,39438,FL,F,1344.0,458.0,490.0,595.0,671.0,44193.0,4.142857143,4.0,1.1277310924369748,0.8235294117647058
2829,46552,FL,F,1930.0,462.0,520.0,581.0,648.0,31606.0,10.33333333,20.0,1.1153184165232357,0.8950086058519794
2828,23412,SC,M,,236.0,323.0,251.0,308.0,9638.0,11.0,19.0,1.2270916334661355,1.2868525896414342
2832,1371,CA,F,2753.0,504.0,613.0,620.0,673.0,24127.0,20.0,35.0,1.085483870967742,0.9887096774193549
2840,139228,NM,M,1081.0,349.0,401.0,417.0,449.0,14846.0,26.57142857,43.0,1.0767386091127098,0.9616306954436451
798,175283,OR,F,1027.0,447.0,584.0,520.0,633.0,25039.0,42.08333333,50.0,1.2173076923076922,1.123076923076923
2851,123871,TX,M,1324.0,770.0,779.0,825.0,841.0,33254.0,8.8,15.0,1.0193939393939393,0.9442424242424242
2869,100430,MO,F,2083.0,662.0,833.0,726.0,861.0,30627.0,40.0,25.0,1.1859504132231404,1.1473829201101928
2870,153213,CA,F,2977.0,553.0,659.0,627.0,721.0,33460.0,,5.0,1.1499202551834131,1.0510366826156299
2871,53763,TN,M,1752.0,849.0,869.0,914.0,931.0,35260.0,,15.0,1.0185995623632385,0.9507658643326039
2875,68589,MI,M,1662.0,777.0,831.0,808.0,871.0,37242.0,13.57142857,20.0,1.077970297029703,1.0284653465346534
827,96008,IL,F,300.0,87.0,163.0,134.0,185.0,7586.0,4.838709677,5.0,1.3805970149253732,1.2164179104477613
833,182480,WA,F,705.0,337.0,416.0,449.0,569.0,20987.0,30.71428571,50.0,1.2672605790645879,0.9265033407572383
2882,149196,CA,M,3273.0,609.0,608.0,694.0,659.0,35239.0,16.66666667,20.0,0.9495677233429395,0.8760806916426513
834,135265,AZ,F,815.0,264.0,439.0,322.0,472.0,18423.0,10.0,14.0,1.4658385093167703,1.3633540372670807
838,102351,MO,F,787.0,208.0,271.0,264.0,356.0,11107.0,13.33333333,23.0,1.3484848484848484,1.0265151515151516
2887,148523,CA,M,4286.0,811.0,910.0,883.0,947.0,33614.0,15.0,25.0,1.072480181200453,1.030577576443941
841,162392,CA,M,3839.0,683.0,669.0,706.0,729.0,26731.0,11.85714286,20.0,1.0325779036827196,0.9475920679886686
843,12573,WA,F,1375.0,285.0,510.0,330.0,443.0,18247.0,63.03571429,102.0,1.3424242424242425,1.5454545454545454
844,112594,AR,M,704.0,222.0,374.0,295.0,461.0,18592.0,9.0,15.0,1.5627118644067797,1.2677966101694915
845,145123,CA,F,5743.0,564.0,812.0,708.0,903.0,44839.0,4.1,5.0,1.2754237288135593,1.1468926553672316
847,108316,LA,M,1903.0,213.0,265.0,274.0,379.0,20833.0,,24.0,1.3832116788321167,0.9671532846715328
2896,169955,CA,M,1588.0,238.0,328.0,295.0,369.0,14499.0,28.75,50.0,1.2508474576271187,1.111864406779661
849,142241,NV,F,2368.0,,827.0,723.0,833.0,27653.0,13.2,30.0,1.152143845089903,1.1438450899031811
850,7238,IA,F,374.0,234.0,305.0,225.0,283.0,10539.0,5.538461539,12.0,1.2577777777777779,1.3555555555555556
2895,151547,CA,M,1463.0,,247.0,343.0,351.0,11400.0,15.0,5.0,1.0233236151603498,0.7201166180758017
859,74615,MI,M,500.0,155.0,385.0,263.0,423.0,13674.0,7.0,9.0,1.608365019011407,1.4638783269961977
2908,173571,HI,M,2575.0,521.0,551.0,561.0,584.0,17578.0,17.5,25.0,1.0409982174688057,0.982174688057041
861,162593,CA,M,5954.0,1500.0,1500.0,1185.0,1263.0,68593.0,9.285714286,14.0,1.0658227848101265,1.2658227848101267
2913,172464,CA,M,1257.0,231.0,509.0,350.0,535.0,19180.0,5.625,6.0,1.5285714285714285,1.4542857142857142
2914,168171,CA,F,3938.0,203.0,325.0,271.0,344.0,15598.0,13.57142857,10.0,1.2693726937269372,1.1992619926199262
2915,68563,MI,F,2119.0,956.0,1010.0,964.0,987.0,50910.0,22.5,30.0,1.0238589211618256,1.0477178423236515
867,68427,MI,F,483.0,341.0,393.0,382.0,430.0,14629.0,38.0,25.0,1.12565445026178,1.0287958115183247
866,175438,OR,F,925.0,129.0,363.0,215.0,441.0,18634.0,15.46428571,25.0,2.0511627906976746,1.6883720930232557
869,132131,CO,F,,129.0,207.0,168.0,244.0,8382.0,14.875,25.0,1.4523809523809523,1.2321428571428572
872,147305,CA,M,2741.0,618.0,609.0,586.0,558.0,21986.0,12.4,15.0,0.9522184300341296,1.0392491467576792
2924,162618,CA,F,2670.0,427.0,502.0,496.0,551.0,15703.0,4.714285714,4.0,1.1108870967741935,1.0120967741935485
2926,111142,AR,F,505.0,222.0,253.0,342.0,374.0,14178.0,7.35,10.0,1.0935672514619883,0.7397660818713451
2930,138239,AZ,F,2026.0,655.0,711.0,756.0,829.0,31520.0,12.5,10.0,1.0965608465608465,0.9404761904761905
2936,190754,CA,F,3213.0,697.0,703.0,735.0,745.0,21605.0,28.04166667,25.0,1.0136054421768708,0.9564625850340136
2942,62349,IN,M,643.0,,297.0,298.0,321.0,13088.0,30.0,50.0,1.0771812080536913,0.9966442953020134
2945,166508,CA,M,2901.0,459.0,585.0,556.0,711.0,25733.0,13.66666667,20.0,1.2787769784172662,1.0521582733812949
899,156572,CA,M,3092.0,578.0,644.0,641.0,720.0,25768.0,17.33333333,25.0,1.1232449297971918,1.0046801872074882
905,13188,IN,F,679.0,236.0,247.0,304.0,328.0,6997.0,47.18181818,100.0,1.0789473684210527,0.8125
909,145944,CA,F,2679.0,445.0,470.0,535.0,572.0,,6.583333333,13.0,1.0691588785046728,0.8785046728971962
2957,189009,WA,M,1347.0,192.0,361.0,260.0,408.0,16895.0,5.777777778,5.0,1.5692307692307692,1.3884615384615384
912,96000,IL,M,359.0,88.0,218.0,159.0,329.0,10543.0,3.583333333,10.0,2.069182389937107,1.371069182389937
915,189715,CA,F,5708.0,504.0,708.0,575.0,854.0,36020.0,16.25,25.0,1.4852173913043478,1.231304347826087
2965,6649,AZ,F,2026.0,655.0,711.0,756.0,829.0,31520.0,,50.0,1.0965608465608465,0.9404761904761905
919,182286,WA,M,699.0,262.0,208.0,301.0,299.0,12872.0,15.0,20.0,0.9933554817275747,0.6910299003322259
921,100569,MO,M,2241.0,584.0,822.0,716.0,904.0,29643.0,15.0,15.0,1.2625698324022345,1.1480446927374302
2977,148141,CA,F,,661.0,768.0,729.0,826.0,29413.0,11.0,14.0,1.1330589849108368,1.0534979423868314
2979,158935,CA,F,,170.0,186.0,252.0,178.0,14039.0,7.230769231,5.0,0.7063492063492064,0.7380952380952381
2980,145275,CA,F,3833.0,365.0,426.0,461.0,508.0,,12.2,20.0,1.1019522776572668,0.9240780911062907
933,111485,AR,M,361.0,145.0,182.0,199.0,233.0,8563.0,29.57142857,30.0,1.170854271356784,0.914572864321608
2984,123699,TX,F,1077.0,751.0,733.0,766.0,762.0,28799.0,7.8,10.0,0.9947780678851175,0.9569190600522193
2989,86779,ND,F,331.0,165.0,172.0,232.0,266.0,9324.0,10.66666667,11.0,1.146551724137931,0.7413793103448276
942,81823,WI,M,470.0,234.0,355.0,271.0,365.0,12277.0,25.0,45.0,1.3468634686346863,1.3099630996309963
943,143470,CA,M,4112.0,562.0,798.0,725.0,841.0,34677.0,15.14285714,17.0,1.16,1.1006896551724137
948,65136,MI,F,886.0,490.0,536.0,570.0,606.0,,42.5,20.0,1.063157894736842,0.9403508771929825
949,132558,WY,M,1034.0,511.0,511.0,656.0,610.0,30595.0,15.0,15.0,0.9298780487804879,0.7789634146341463
2997,150799,CA,M,1158.437751,257.0,275.0,376.0,393.0,10990.0,7.625,15.0,1.0452127659574468,0.7313829787234043
3003,6555,FL,M,3125.0,616.0,759.0,714.0,817.0,37628.0,6.098901099,10.0,1.1442577030812324,1.0630252100840336
957,133491,ID,M,679.0,298.0,327.0,332.0,360.0,,46.33333333,100.0,1.0843373493975903,0.9849397590361446
3005,30629,GA,F,680.0,,238.0,320.0,383.0,15732.0,10.0,17.0,1.196875,0.74375
964,187722,MI,M,1348.0,662.0,712.0,752.0,788.0,30766.0,6.2,7.0,1.047872340425532,0.9468085106382979
3013,45873,FL,F,402.0,168.0,251.0,199.0,240.0,10003.0,6.538461539,8.0,1.2060301507537687,1.2613065326633166
968,186334,IN,M,836.0,222.0,431.0,347.0,442.0,16007.0,8.947368421,10.0,1.2737752161383284,1.2420749279538905
970,149152,CA,M,4507.0,,1004.0,893.0,962.0,54642.0,20.0,20.0,1.0772676371780514,1.1243001119820828
3020,14608,CA,F,2556.0,490.0,670.0,610.0,744.0,40178.0,12.09090909,15.0,1.219672131147541,1.098360655737705
3021,9053,CA,F,3081.0,446.0,514.0,485.0,510.0,,13.06666667,20.0,1.0515463917525774,1.0597938144329897
3026,172175,CA,F,658.0,166.0,143.0,206.0,212.0,7704.0,11.33333333,10.0,1.029126213592233,0.6941747572815534
982,189616,CA,M,2680.0,314.0,506.0,402.0,517.0,20665.0,20.0,35.0,1.2860696517412935,1.2587064676616915
3037,56318,KY,F,2008.0,788.0,863.0,782.0,832.0,39749.0,5.166666667,5.0,1.0639386189258313,1.1035805626598465
3039,165366,CA,M,5567.0,1094.0,1189.0,1045.0,1093.0,52169.0,25.0,30.0,1.045933014354067,1.137799043062201
992,190579,CA,M,3200.0,310.0,311.0,333.0,343.0,17224.0,3.106060606,4.0,1.03003003003003,0.933933933933934
3041,145895,CA,F,2679.0,445.0,470.0,535.0,572.0,20693.0,9.75,15.0,1.0691588785046728,0.8785046728971962
996,138829,AZ,F,847.0,,238.0,225.0,308.0,11582.0,11.5,25.0,1.3688888888888888,1.0577777777777777
997,167462,CA,M,2645.0,644.0,655.0,682.0,697.0,20782.0,8.75,15.0,1.0219941348973607,0.9604105571847508
1000,2020,CA,F,3556.0,735.0,701.0,838.0,805.0,34382.0,7.35,7.0,0.9606205250596659,0.8365155131264916
1002,167039,CA,F,3201.0,497.0,552.0,539.0,591.0,19656.0,5.0,5.0,1.0964749536178107,1.0241187384044528
3057,75153,IA,M,750.0,118.0,366.0,152.0,325.0,11638.0,10.66666667,13.0,2.138157894736842,2.4078947368421053
1009,43799,FL,F,1044.0,366.0,318.0,458.0,499.0,22427.0,13.16666667,20.0,1.0895196506550218,0.6943231441048034
3060,104467,KS,M,640.0,168.0,292.0,232.0,302.0,11377.0,3.545454546,3.0,1.3017241379310345,1.2586206896551724
1013,2415,CA,F,5501.0,817.0,924.0,870.0,958.0,41734.0,17.5,25.0,1.1011494252873564,1.0620689655172413
1014,166866,CA,F,3921.0,754.0,804.0,799.0,835.0,33998.0,10.0,12.5,1.0450563204005006,1.0062578222778473
1016,182395,WA,F,755.0,210.0,315.0,244.0,313.0,11983.0,16.5,10.0,1.2827868852459017,1.290983606557377
1018,147835,CA,F,3694.0,421.0,611.0,601.0,666.0,28021.0,32.22222222,20.0,1.108153078202995,1.016638935108153
1020,128857,TX,M,438.0,213.0,213.0,265.0,264.0,7722.0,26.0,15.0,0.9962264150943396,0.8037735849056604
3071,165287,CA,M,2811.0,524.0,577.0,599.0,645.0,23861.0,17.25,22.0,1.0767946577629381,0.9632721202003339
3072,41569,FL,F,1079.0,347.0,714.0,519.0,756.0,24541.0,10.0,18.0,1.4566473988439306,1.3757225433526012
3073,1959,CA,F,2670.0,394.0,493.0,461.0,574.0,24896.0,35.0,50.0,1.245119305856833,1.06941431670282
3079,144050,CA,M,5982.0,1500.0,1500.0,1214.0,1228.0,106273.0,22.5,22.0,1.0115321252059308,1.2355848434925865
1032,163354,CA,F,4313.0,748.0,783.0,752.0,811.0,27850.0,11.85714286,10.0,1.0784574468085106,1.0412234042553192
3080,108420,LA,F,650.0,139.0,131.0,243.0,238.0,9698.0,8.909090909,13.0,0.9794238683127572,0.5390946502057613
1035,155607,CA,F,3152.0,853.0,891.0,908.0,950.0,35415.0,34.0,38.0,1.0462555066079295,0.9812775330396476
3085,179606,WA,F,1326.0,269.0,401.0,347.0,476.0,22329.0,7.25,15.0,1.3717579250720462,1.1556195965417868
1044,182604,WA,F,403.0,195.0,288.0,237.0,365.0,11859.0,20.0,15.0,1.540084388185654,1.2151898734177216
1046,65999,MI,M,2712.0,1022.0,1144.0,989.0,1079.0,49631.0,18.42857143,25.0,1.0910010111223458,1.1567239635995956
3096,171581,CA,M,2644.0,440.0,447.0,555.0,566.0,18944.0,12.5,5.0,1.0198198198198198,0.8054054054054054
3099,43119,FL,F,845.0,334.0,351.0,496.0,511.0,25715.0,6.25,9.0,1.030241935483871,0.7076612903225806
3100,167202,CA,F,2907.0,420.0,514.0,463.0,547.0,18195.0,9.0,15.0,1.181425485961123,1.1101511879049677
1056,185819,CA,M,4153.0,580.0,886.0,640.0,891.0,35520.0,12.0,13.0,1.3921875,1.384375
1063,163731,CA,M,4763.0,502.0,534.0,551.0,609.0,24002.0,9.888888889,11.0,1.105263157894737,0.969147005444646
3111,94902,IL,M,1031.0,305.0,390.0,383.0,437.0,15146.0,30.0,30.0,1.1409921671018277,1.0182767624020888
3113,163843,CA,M,3543.0,484.0,575.0,556.0,624.0,21140.0,10.6,16.0,1.1223021582733812,1.0341726618705036
1066,46201,FL,M,2444.0,,780.0,737.0,782.0,28668.0,15.0,15.0,1.0610583446404342,1.0583446404341927
1065,100369,MO,F,987.0,296.0,354.0,344.0,412.0,17097.0,28.0,28.0,1.197674418604651,1.0290697674418605
1069,116951,TX,F,1565.0,717.0,780.0,704.0,784.0,27276.0,6.1,6.0,1.1136363636363635,1.1079545454545454
3118,157100,CA,F,2556.0,490.0,670.0,610.0,744.0,40178.0,17.27272727,27.0,1.219672131147541,1.098360655737705
3119,166870,CA,F,3700.0,444.0,583.0,559.0,667.0,31003.0,12.5,14.0,1.1932021466905187,1.042933810375671
3123,11961,CA,F,2645.0,644.0,655.0,682.0,697.0,20782.0,21.6,25.0,1.0219941348973607,0.9604105571847508
1081,185353,CA,F,1063.0,,148.0,206.0,223.0,6871.0,3.035714286,3.0,1.0825242718446602,0.7184466019417476
3135,186448,CA,M,5725.0,610.0,763.0,698.0,807.0,53158.0,5.606060606,10.0,1.156160458452722,1.0931232091690544
1088,93809,IL,M,1059.0,334.0,513.0,392.0,528.0,17632.0,7.583333333,10.0,1.346938775510204,1.308673469387755
3139,27968,GA,F,3077.0,,754.0,617.0,692.0,29524.0,5.272727273,5.0,1.1215559157212318,1.2220421393841168
3150,166891,CA,M,4244.0,613.0,818.0,708.0,845.0,,7.357142857,10.0,1.1935028248587571,1.155367231638418
1103,150516,CA,F,3304.0,567.0,614.0,629.0,669.0,21745.0,,25.0,1.0635930047694753,0.9761526232114467
3158,147600,CA,F,3514.0,671.0,732.0,717.0,746.0,30696.0,5.222222222,5.0,1.0404463040446303,1.0209205020920502
1115,52549,TN,M,556.0,202.0,346.0,270.0,389.0,14382.0,13.11111111,30.0,1.4407407407407407,1.2814814814814814
3164,142487,CA,F,5438.0,881.0,967.0,928.0,1051.0,40432.0,15.0,20.0,1.1325431034482758,1.0420258620689655
3166,171205,CA,F,,205.0,221.0,337.0,388.0,22845.0,7.454545455,12.0,1.1513353115727003,0.655786350148368
3167,7451,SC,F,,229.0,350.0,268.0,362.0,13829.0,14.82352941,22.0,1.3507462686567164,1.3059701492537314
1122,162759,CA,F,2620.0,481.0,490.0,519.0,523.0,16047.0,14.42857143,18.0,1.0077071290944124,0.9441233140655106
3171,82739,MN,M,604.0,266.0,372.0,302.0,435.0,21127.0,11.66666667,20.0,1.4403973509933774,1.2317880794701987
3177,143011,CA,F,5727.0,694.0,1051.0,826.0,981.0,47422.0,5.346153846,5.0,1.1876513317191284,1.2723970944309928
3178,66219,MI,M,1139.0,630.0,676.0,670.0,713.0,27594.0,35.0,50.0,1.0641791044776119,1.008955223880597
3180,95525,IL,M,606.0,304.0,322.0,320.0,350.0,13662.0,37.5,30.0,1.09375,1.00625
3182,55527,MS,F,393.0,189.0,224.0,266.0,357.0,11906.0,5.375,4.0,1.3421052631578947,0.8421052631578947
1135,66745,MI,F,584.0,283.0,386.0,307.0,386.0,14843.0,15.0,5.0,1.257328990228013,1.257328990228013
3184,173997,HI,M,3500.0,365.0,521.0,486.0,588.0,27042.0,20.0,20.0,1.2098765432098766,1.0720164609053497
3185,145383,CA,M,3617.0,549.0,558.0,614.0,599.0,19464.0,6.666666667,10.0,0.9755700325732899,0.9087947882736156
1140,187191,GA,F,,436.0,594.0,584.0,764.0,35502.0,15.0,25.0,1.3082191780821917,1.0171232876712328
1142,156866,CA,M,3393.0,537.0,553.0,589.0,580.0,22083.0,20.0,25.0,0.9847198641765704,0.9388794567062818
1144,163369,CA,F,2250.0,181.0,159.0,192.0,167.0,11346.0,6.0,6.0,0.8697916666666666,0.828125
3195,155528,CA,F,,244.0,384.0,311.0,409.0,15753.0,9.666666667,10.0,1.315112540192926,1.234726688102894
3196,94239,IL,F,4750.0,250.0,285.0,314.0,378.0,17013.0,10.0,15.0,1.2038216560509554,0.9076433121019108
1151,162994,CA,M,2750.0,252.0,332.0,302.0,392.0,19558.0,10.66666667,10.0,1.2980132450331126,1.099337748344371
3202,168242,CA,F,2741.0,414.0,453.0,467.0,461.0,18997.0,12.5,12.0,0.987152034261242,0.9700214132762313
1163,102780,MO,F,257.0,148.0,264.0,194.0,273.0,10050.0,10.125,16.0,1.407216494845361,1.3608247422680413
1166,121410,TX,M,931.0,416.0,636.0,543.0,725.0,29273.0,15.0,15.0,1.3351749539594844,1.171270718232044
1169,144735,CA,F,5649.0,750.0,828.0,801.0,888.0,37961.0,8.615384615,10.0,1.1086142322097379,1.0337078651685394
1172,145310,CA,F,3100.0,133.0,488.0,306.0,497.0,18262.0,18.33333333,20.0,1.6241830065359477,1.5947712418300655
1173,40351,FL,F,1074.0,505.0,524.0,528.0,553.0,16470.0,28.0,30.0,1.0473484848484849,0.9924242424242424
3220,47276,AL,M,485.0,247.0,378.0,305.0,370.0,12619.0,7.181818182,6.0,1.2131147540983607,1.2393442622950819
3223,145403,CA,F,2730.0,294.0,304.0,391.0,447.0,15068.0,5.127659575,10.0,1.143222506393862,0.7774936061381074
3226,168103,CA,M,1279.0,280.0,249.0,315.0,276.0,6474.0,,10.0,0.8761904761904762,0.7904761904761904
1181,155856,CA,F,1207.0,284.0,303.0,458.0,488.0,19872.0,7.25,10.0,1.0655021834061136,0.6615720524017468
3240,162687,CA,F,3238.0,271.0,389.0,325.0,402.0,21383.0,15.4,35.0,1.236923076923077,1.196923076923077
3243,151195,CA,F,3905.0,882.0,1022.0,923.0,989.0,35563.0,8.25,10.0,1.0715059588299025,1.1072589382448537
1196,147838,CA,F,3738.0,534.0,581.0,599.0,683.0,26455.0,16.0,20.0,1.1402337228714525,0.9699499165275459
3245,157307,CA,M,3254.0,481.0,607.0,485.0,614.0,18646.0,25.0,30.0,1.265979381443299,1.2515463917525773
1200,133932,WA,M,0.0,55.0,68.0,63.0,89.0,8170.0,4.555555556,5.0,1.4126984126984128,1.0793650793650793
3248,57705,KY,F,375.0,145.0,138.0,189.0,205.0,8278.0,3.576923077,5.0,1.0846560846560847,0.7301587301587301
1202,11562,CA,F,3435.0,490.0,546.0,560.0,614.0,26467.0,,50.0,1.0964285714285715,0.975
3251,163614,CA,F,4051.0,588.0,605.0,617.0,630.0,21692.0,4.571428571,10.0,1.0210696920583469,0.9805510534846029
1205,32843,FL,M,546.0,283.0,256.0,344.0,322.0,,,15.0,0.936046511627907,0.7441860465116279
3261,165241,CA,M,2589.0,620.0,650.0,692.0,733.0,28038.0,11.75,15.0,1.0592485549132948,0.9393063583815029
1218,156224,CA,M,4933.0,691.0,736.0,762.0,816.0,37073.0,26.5,30.0,1.0708661417322836,0.9658792650918635
1222,119362,TX,F,1711.0,400.0,806.0,566.0,810.0,33841.0,16.0,45.0,1.431095406360424,1.4240282685512367
1223,92962,CA,M,,749.0,777.0,784.0,818.0,27400.0,20.0,20.0,1.0433673469387754,0.9910714285714286
1225,157687,CA,F,4954.0,1106.0,1195.0,1086.0,1146.0,42857.0,7.444444444,15.0,1.0552486187845305,1.1003683241252302
3273,189438,HI,M,1563.0,263.0,349.0,275.0,360.0,16647.0,7.666666667,9.0,1.309090909090909,1.269090909090909
3275,168370,CA,F,2798.0,425.0,428.0,469.0,474.0,21926.0,14.5,15.0,1.0106609808102345,0.9125799573560768
3280,55956,FL,F,1625.0,450.0,531.0,578.0,660.0,33485.0,,10.0,1.1418685121107266,0.9186851211072664
3285,174576,OR,F,681.0,335.0,398.0,356.0,419.0,14011.0,30.75,51.0,1.1769662921348314,1.1179775280898876
1241,162740,CA,F,2807.0,478.0,497.0,504.0,542.0,17103.0,12.75,14.0,1.0753968253968254,0.9861111111111112
3289,176253,OR,F,1506.0,517.0,573.0,632.0,711.0,39301.0,32.91666667,50.0,1.125,0.9066455696202531
1246,89768,IL,M,962.0,327.0,479.0,361.0,465.0,14486.0,,11.0,1.2880886426592797,1.3268698060941828
3299,71616,MI,M,501.0,397.0,403.0,424.0,434.0,12437.0,27.625,50.0,1.0235849056603774,0.9504716981132075
1251,56674,KY,M,335.0,137.0,205.0,166.0,195.0,6927.0,,15.0,1.1746987951807228,1.2349397590361446
3302,172784,CA,F,688.0,175.0,187.0,258.0,292.0,9422.0,5.571428571,5.0,1.1317829457364341,0.7248062015503876
1255,166350,CA,F,3333.0,690.0,871.0,759.0,913.0,37495.0,,25.0,1.2028985507246377,1.1475625823451912
3303,145637,CA,F,2908.0,606.0,644.0,677.0,717.0,,16.25,25.0,1.0590841949778433,0.9512555391432792
1265,88886,IL,M,962.0,391.0,444.0,452.0,486.0,17404.0,35.0,40.0,1.075221238938053,0.9823008849557522
1269,85204,MN,M,359.0,168.0,258.0,203.0,269.0,9568.0,11.91666667,20.0,1.3251231527093597,1.270935960591133
1270,143782,CA,M,5854.0,927.0,1077.0,920.0,993.0,45167.0,28.0,25.0,1.0793478260869565,1.1706521739130435
3320,175112,CA,F,3018.0,728.0,749.0,749.0,757.0,21525.0,20.0,20.0,1.0106809078771695,1.0
1272,190157,NC,F,603.0,173.0,215.0,239.0,329.0,12562.0,9.857142857,15.0,1.3765690376569037,0.899581589958159
3325,149199,CA,M,2667.0,481.0,577.0,579.0,671.0,23903.0,7.666666667,15.0,1.1588946459412781,0.9965457685664939
1282,143790,CA,F,5907.0,1285.0,1340.0,1063.0,1144.0,91205.0,16.0,15.0,1.0761994355597366,1.2605832549388523
3332,163591,CA,M,3919.0,427.0,453.0,552.0,589.0,,23.14285714,35.0,1.0670289855072463,0.8206521739130435
1284,57017,FL,F,484.0,150.0,243.0,195.0,266.0,11909.0,20.0,20.0,1.3641025641025641,1.2461538461538462
1287,178498,WA,M,1642.0,275.0,388.0,349.0,485.0,19679.0,11.83333333,15.0,1.3896848137535818,1.1117478510028653
3337,89210,AR,F,493.0,188.0,202.0,223.0,259.0,9997.0,44.72727273,25.0,1.1614349775784754,0.905829596412556
1292,67712,MI,F,459.0,116.0,518.0,280.0,533.0,19070.0,,100.0,1.9035714285714285,1.85
3340,189199,KS,F,636.0,311.0,412.0,332.0,495.0,16133.0,16.66666667,25.0,1.4909638554216869,1.2409638554216869
1295,14984,MN,M,1793.0,781.0,796.0,832.0,849.0,27481.0,14.28571429,15.0,1.0204326923076923,0.9567307692307693
3344,143299,CA,M,2581.0,,641.0,561.0,676.0,21182.0,14.44444444,15.0,1.2049910873440286,1.142602495543672
1314,96763,IL,F,427.0,71.0,141.0,121.0,253.0,6671.0,,20.0,2.090909090909091,1.165289256198347
1315,144691,CA,M,5806.0,778.0,871.0,830.0,896.0,50987.0,20.0,20.0,1.0795180722891566,1.0493975903614459
3363,164989,CA,F,5287.0,,1105.0,949.0,1002.0,43904.0,13.375,30.0,1.0558482613277134,1.1643835616438356
1318,111592,AR,M,318.0,53.0,105.0,113.0,152.0,3748.0,17.45454546,16.0,1.345132743362832,0.9292035398230089
1320,121554,TX,F,1900.0,404.0,582.0,498.0,664.0,34592.0,5.2,6.0,1.3333333333333333,1.1686746987951808
1324,14386,MO,F,2528.0,439.0,591.0,542.0,686.0,32768.0,24.77777778,10.0,1.2656826568265682,1.0904059040590406
1325,184011,WA,F,1183.0,217.0,528.0,379.0,628.0,24703.0,37.5,25.0,1.6569920844327177,1.3931398416886545
1328,84967,MN,M,418.0,190.0,290.0,244.0,403.0,13707.0,10.71428571,15.0,1.651639344262295,1.1885245901639345
3377,32380,FL,M,825.0,266.0,263.0,405.0,419.0,17633.0,4.764705882,5.0,1.0345679012345679,0.6493827160493827
1333,12003,CA,F,,749.0,785.0,795.0,838.0,30685.0,12.3125,20.0,1.0540880503144654,0.9874213836477987
1338,127392,TX,M,592.0,188.0,406.0,240.0,359.0,14406.0,16.27272727,23.0,1.4958333333333333,1.6916666666666667
3391,151986,CA,F,2598.0,518.0,570.0,576.0,627.0,27570.0,9.0,15.0,1.0885416666666667,0.9895833333333334
1347,51683,TN,M,690.0,194.0,371.0,263.0,411.0,13120.0,5.0,5.0,1.5627376425855513,1.4106463878326996
3397,64650,MI,M,587.0,304.0,319.0,362.0,400.0,15481.0,26.5,40.0,1.1049723756906078,0.8812154696132597
3398,144974,CA,M,3404.0,752.0,750.0,770.0,761.0,31850.0,10.0,20.0,0.9883116883116884,0.974025974025974
1352,159424,CA,M,3276.0,358.0,478.0,436.0,555.0,23535.0,25.0,75.0,1.2729357798165137,1.0963302752293578
1357,57964,KY,M,428.0,166.0,304.0,240.0,334.0,13608.0,9.1875,12.0,1.3916666666666666,1.2666666666666666
3411,15349,NC,M,651.0,201.0,367.0,336.0,472.0,30052.0,20.0,30.0,1.4047619047619047,1.0922619047619047
3414,131263,CO,F,475.0,82.0,90.0,150.0,125.0,7813.0,9.533333333,12.0,0.8333333333333334,0.6
1367,41065,NV,F,1569.0,673.0,672.0,785.0,781.0,25775.0,12.5,15.0,0.9949044585987261,0.8560509554140128
3419,167755,CA,M,5940.0,761.0,1114.0,721.0,1004.0,43571.0,13.0,18.0,1.3925104022191401,1.5450762829403606
3430,163316,CA,M,4769.0,518.0,660.0,607.0,757.0,38507.0,28.75,40.0,1.2471169686985173,1.0873146622734762
3431,93824,IL,F,1105.0,351.0,461.0,362.0,468.0,13805.0,4.576923077,10.0,1.292817679558011,1.2734806629834254
3433,4017,CA,F,5725.0,610.0,763.0,698.0,807.0,53158.0,9.923076923,15.0,1.156160458452722,1.0931232091690544
1386,15651,NC,F,1497.0,581.0,678.0,667.0,762.0,30594.0,6.928571429,10.0,1.1424287856071964,1.0164917541229386
1394,121071,TX,F,900.0,273.0,337.0,336.0,455.0,19298.0,13.6,15.0,1.3541666666666667,1.0029761904761905
3445,171738,CA,M,2098.0,564.0,752.0,611.0,730.0,34394.0,9.75,12.0,1.1947626841243864,1.2307692307692308
1403,164044,CA,M,5795.0,1329.0,1326.0,1201.0,1204.0,,11.66666667,15.0,1.0024979184013323,1.1040799333888427
3454,12361,IL,F,5778.0,517.0,1068.0,668.0,996.0,,62.5,100.0,1.4910179640718564,1.598802395209581
3455,136428,AZ,F,1887.0,591.0,801.0,672.0,829.0,47673.0,15.0,25.0,1.2336309523809523,1.1919642857142858
1408,47385,AL,M,2432.0,1273.0,1332.0,1057.0,1105.0,55765.0,15.0,15.0,1.0454115421002839,1.260170293282876
1409,92312,IL,F,3573.0,1245.0,1474.0,1065.0,1179.0,83519.0,10.33333333,24.0,1.1070422535211268,1.384037558685446
3459,171397,IN,M,709.0,403.0,459.0,485.0,549.0,21035.0,29.0,25.0,1.131958762886598,0.9463917525773196
1418,5614,CA,M,1803.0,281.0,418.0,364.0,492.0,24681.0,13.71428571,19.0,1.3516483516483517,1.1483516483516483
3469,157311,CA,M,5344.0,705.0,943.0,787.0,945.0,55857.0,17.5,25.0,1.2007623888182972,1.1982210927573063
1429,147484,CA,M,5439.0,984.0,1029.0,961.0,1004.0,42403.0,12.22222222,12.0,1.04474505723205,1.0707596253902185
1430,151907,CA,F,3477.0,424.0,601.0,528.0,629.0,27103.0,5.4,6.0,1.191287878787879,1.1382575757575757
1432,146742,CA,M,3909.0,870.0,886.0,878.0,901.0,34835.0,11.28571429,15.0,1.0261958997722096,1.0091116173120729
3480,149164,CA,M,3385.0,608.0,731.0,705.0,784.0,35534.0,14.2,25.0,1.1120567375886525,1.0368794326241135
3483,12330,IL,M,1326.0,550.0,503.0,675.0,644.0,17543.0,41.83333333,100.0,0.9540740740740741,0.7451851851851852
3492,11143,IA,M,424.0,294.0,332.0,310.0,368.0,,39.0,44.0,1.1870967741935483,1.070967741935484
3496,11943,CA,F,3447.0,357.0,400.0,451.0,503.0,19465.0,13.44444444,10.0,1.1152993348115299,0.8869179600886918
1453,30450,GA,F,1156.0,420.0,617.0,541.0,655.0,22639.0,31.0,50.0,1.210720887245841,1.1404805914972274
3507,77848,WI,F,691.0,249.0,406.0,311.0,436.0,13489.0,5.0,5.0,1.4019292604501608,1.3054662379421222
3509,82518,MN,M,906.0,476.0,617.0,563.0,668.0,22377.0,30.28571429,42.0,1.1865008880994672,1.0959147424511546
3511,186807,CA,F,5544.0,701.0,761.0,769.0,815.0,32332.0,24.0,33.0,1.0598179453836152,0.9895968790637191
1466,14790,CA,M,4068.0,753.0,821.0,748.0,872.0,,,15.0,1.1657754010695187,1.0975935828877006
3518,150060,CA,F,2773.0,357.0,385.0,431.0,455.0,16115.0,17.91666667,20.0,1.0556844547563806,0.8932714617169374
1477,167100,CA,M,3223.0,487.0,516.0,568.0,597.0,22177.0,6.444444444,10.0,1.051056338028169,0.9084507042253521
3531,153301,CA,M,3438.0,106.0,166.0,142.0,211.0,11112.0,8.578947368,15.0,1.4859154929577465,1.1690140845070423
1488,19510,NC,M,2441.0,579.0,740.0,697.0,866.0,46160.0,,12.5,1.242467718794835,1.0616929698708752
3536,135230,AZ,F,1099.0,351.0,513.0,421.0,564.0,22396.0,9.375,12.0,1.339667458432304,1.2185273159144894
1499,90775,IL,M,1097.0,312.0,463.0,371.0,473.0,,10.71428571,17.0,1.274932614555256,1.247978436657682
1501,90765,IL,F,870.0,356.0,405.0,361.0,420.0,17028.0,26.66666667,20.0,1.1634349030470914,1.1218836565096952
3552,108976,LA,M,1730.0,794.0,843.0,833.0,899.0,35252.0,13.75,25.0,1.0792316926770709,1.0120048019207684
1504,47869,AL,F,402.0,186.0,240.0,230.0,287.0,10573.0,37.2,20.0,1.2478260869565216,1.0434782608695652
3553,79022,WI,M,1375.0,79.0,171.0,125.0,221.0,,7.0,9.0,1.768,1.368
1508,41312,FL,F,577.0,157.0,324.0,224.0,373.0,10497.0,11.09090909,23.0,1.6651785714285714,1.4464285714285714
3559,16771,NC,F,2018.0,709.0,755.0,752.0,797.0,26070.0,4.722222222,5.0,1.059840425531915,1.0039893617021276
1515,142901,CA,F,4947.0,586.0,608.0,682.0,748.0,,10.0,10.0,1.096774193548387,0.8914956011730205
3563,171357,CA,F,2631.0,689.0,753.0,772.0,816.0,38138.0,25.0,25.0,1.0569948186528497,0.9753886010362695
1516,105827,KS,F,351.0,213.0,245.0,225.0,356.0,,12.89473684,20.0,1.5822222222222222,1.0888888888888888
1523,173497,HI,F,3676.0,683.0,692.0,724.0,722.0,23977.0,20.0,5.0,0.9972375690607734,0.9558011049723757
3571,92972,IL,F,,644.0,1177.0,785.0,1041.0,100528.0,30.66666667,30.0,1.3261146496815286,1.4993630573248407
1527,162598,CA,F,2766.0,362.0,433.0,398.0,439.0,17063.0,13.0,20.0,1.1030150753768844,1.0879396984924623
1528,178949,WA,M,3442.0,658.0,671.0,749.0,793.0,,10.0,15.0,1.0587449933244326,0.8958611481975968
1529,189880,MN,F,528.0,204.0,271.0,243.0,335.0,11183.0,8.333333333,10.0,1.3786008230452675,1.1152263374485596
1535,121165,TX,M,920.0,160.0,753.0,348.0,633.0,20828.0,15.0,10.0,1.8189655172413792,2.163793103448276
3587,6789,PA,M,515.0,269.0,284.0,336.0,362.0,13550.0,26.95,10.0,1.0773809523809523,0.8452380952380952
3588,13196,CA,F,5377.0,671.0,949.0,811.0,922.0,37647.0,100.0,10.0,1.1368680641183724,1.1701602959309494
3592,176379,OR,M,829.0,397.0,485.0,379.0,456.0,14994.0,20.0,10.0,1.2031662269129288,1.279683377308707
1545,38812,FL,F,3772.0,515.0,661.0,647.0,791.0,46740.0,14.33333333,17.0,1.222565687789799,1.0216383307573416
3594,159319,CA,M,5828.0,856.0,1043.0,854.0,976.0,40064.0,10.66666667,20.0,1.1428571428571428,1.221311475409836
3598,125277,TX,M,1136.0,505.0,531.0,578.0,590.0,24454.0,36.36363636,53.0,1.0207612456747406,0.9186851211072664
3599,116329,TX,M,2196.0,606.0,797.0,700.0,875.0,34050.0,10.625,15.0,1.25,1.1385714285714286
1552,117264,TX,F,532.0,237.0,404.0,297.0,396.0,11962.0,12.0,17.0,1.3333333333333333,1.3602693602693603
1553,156344,CA,M,2917.0,625.0,613.0,712.0,709.0,23064.0,10.09090909,10.0,0.9957865168539326,0.8609550561797753
1555,133042,ID,M,427.0,231.0,290.0,290.0,341.0,10388.0,27.5,40.0,1.1758620689655173,1.0
3604,146940,CA,M,5679.0,518.0,787.0,629.0,781.0,47163.0,8.5,15.0,1.2416534181240064,1.2511923688394277
3605,129136,CO,F,494.0,140.0,161.0,175.0,245.0,13810.0,25.0,25.0,1.4,0.92
3610,146695,CA,F,,870.0,886.0,878.0,901.0,34835.0,20.0,20.0,1.0261958997722096,1.0091116173120729
3612,15006,CA,F,5000.0,303.0,400.0,427.0,546.0,29754.0,,10.0,1.278688524590164,0.936768149882904
1566,165378,CA,F,3997.0,896.0,915.0,919.0,945.0,41664.0,10.625,23.0,1.02829162132753,0.9956474428726877
1567,160196,CA,F,3461.0,404.0,423.0,479.0,514.0,17618.0,6.153846154,10.0,1.0730688935281838,0.8830897703549061
3615,25760,GA,M,554.0,275.0,345.0,324.0,444.0,13618.0,20.0,20.0,1.3703703703703705,1.0648148148148149
1569,144577,CA,M,5739.0,634.0,670.0,792.0,810.0,45680.0,9.285714286,15.0,1.0227272727272727,0.8459595959595959
3620,139282,NM,M,1208.0,497.0,603.0,574.0,670.0,33095.0,13.0,23.0,1.1672473867595818,1.0505226480836236
3622,136466,AZ,M,1079.0,623.0,614.0,650.0,648.0,20170.0,27.0,10.0,0.9969230769230769,0.9446153846153846
1574,95831,IL,M,301.0,238.0,354.0,267.0,347.0,12366.0,10.5,10.0,1.299625468164794,1.3258426966292134
1576,156378,CA,F,5000.0,738.0,963.0,797.0,959.0,,11.0,13.0,1.2032622333751568,1.2082810539523212
1580,157536,CA,F,3009.0,411.0,455.0,493.0,546.0,20728.0,12.5,17.0,1.1075050709939147,0.922920892494929
1589,143610,CA,F,5000.0,,936.0,712.0,932.0,,15.0,5.25,1.3089887640449438,1.3146067415730338
1595,987,GA,F,2140.0,,789.0,816.0,850.0,33069.0,3.761904762,3.0,1.0416666666666667,0.9669117647058824
3644,59249,IN,M,1781.0,762.0,776.0,835.0,853.0,27556.0,15.0,15.0,1.0215568862275448,0.9293413173652695
1598,147841,CA,F,5626.0,1023.0,1109.0,969.0,1051.0,62324.0,30.75,100.0,1.084623323013416,1.1444788441692466
3650,174895,OR,F,457.0,187.0,256.0,197.0,267.0,12886.0,15.0,21.0,1.3553299492385786,1.299492385786802
3654,5613,CA,F,2880.0,511.0,539.0,566.0,587.0,25314.0,8.315789474,12.0,1.0371024734982333,0.9522968197879859
3655,43126,FL,F,845.0,,351.0,496.0,511.0,25715.0,4.875,5.0,1.030241935483871,0.7076612903225806
3658,12597,CA,F,2885.0,737.0,773.0,798.0,824.0,,53.85714286,101.0,1.0325814536340852,0.968671679197995
1616,12801,CA,F,2947.0,,658.0,665.0,754.0,44438.0,,15.0,1.1338345864661654,0.9894736842105263
1619,89174,IL,M,,1159.0,1500.0,1053.0,1217.0,95913.0,22.25,20.0,1.1557454890788224,1.4245014245014245
3670,2757,MO,F,770.0,103.0,239.0,161.0,278.0,10556.0,8.352941177,10.0,1.7267080745341614,1.484472049689441
3674,165494,CA,F,3898.0,744.0,754.0,785.0,816.0,26483.0,15.55555556,15.0,1.0394904458598726,0.9605095541401274
3678,147855,CA,M,4548.0,786.0,848.0,831.0,878.0,33442.0,10.0,15.0,1.0565583634175693,1.0204572803850782
1639,146241,CA,M,3196.0,655.0,692.0,695.0,731.0,,30.0,50.0,1.0517985611510792,0.99568345323741
3688,161760,CA,F,4058.0,578.0,701.0,671.0,797.0,37190.0,35.0,35.0,1.187779433681073,1.044709388971684
3689,94884,IL,M,927.0,388.0,464.0,391.0,431.0,15328.0,30.0,40.0,1.10230179028133,1.186700767263427
3690,162820,CA,M,3365.0,544.0,525.0,655.0,621.0,27608.0,17.5,25.0,0.9480916030534351,0.8015267175572519
1644,36471,FL,F,730.0,181.0,191.0,287.0,272.0,12098.0,10.5,20.0,0.9477351916376306,0.6655052264808362
1648,168268,CA,F,2159.0,233.0,280.0,247.0,394.0,12950.0,20.17647059,15.0,1.5951417004048583,1.1336032388663968
3697,89500,AZ,F,1250.0,218.0,459.0,328.0,441.0,13293.0,8.65,10.0,1.3445121951219512,1.399390243902439
3699,187501,HI,F,4250.0,,301.0,363.0,364.0,12365.0,5.75,10.0,1.002754820936639,0.8292011019283747
1651,145982,CA,F,2051.0,523.0,545.0,543.0,561.0,19319.0,33.0,30.0,1.0331491712707181,1.003683241252302
1659,38707,FL,M,3333.0,390.0,609.0,549.0,815.0,48235.0,10.0,17.0,1.4845173041894353,1.1092896174863387
1660,138528,AZ,M,723.0,265.0,361.0,351.0,485.0,17145.0,18.4,26.0,1.3817663817663817,1.0284900284900285
3709,166521,CA,F,3422.0,638.0,775.0,693.0,807.0,33068.0,18.2,27.0,1.1645021645021645,1.1183261183261184
3710,148153,CA,F,3576.0,661.0,768.0,729.0,826.0,29413.0,8.887714286,11.0,1.1330589849108368,1.0534979423868314
3715,173702,HI,M,2609.0,486.0,497.0,542.0,555.0,16626.0,4.5,25.0,1.0239852398523985,0.9169741697416974
1676,144351,CA,F,2855.0,311.0,385.0,484.0,537.0,18525.0,11.46153846,40.0,1.109504132231405,0.7954545454545454
3738,186251,CA,F,3836.0,491.0,616.0,579.0,706.0,32838.0,13.06666667,17.0,1.2193436960276338,1.063903281519862
1691,24030,SC,F,383.0,76.0,134.0,135.0,180.0,5990.0,12.2,20.0,1.3333333333333333,0.9925925925925926
1690,15445,NC,M,782.0,223.0,341.0,272.0,357.0,11910.0,10.23076923,20.0,1.3125,1.2536764705882353
1693,137540,AZ,F,2158.0,411.0,516.0,535.0,640.0,33235.0,9.0,10.0,1.1962616822429906,0.9644859813084112
1694,13496,CA,F,3222.0,569.0,614.0,607.0,652.0,34407.0,16.54545455,25.0,1.0741350906095553,1.0115321252059308
3746,166864,CA,F,5222.0,799.0,906.0,843.0,966.0,40664.0,15.0,25.0,1.1459074733096086,1.0747330960854093
3747,176680,OR,F,,222.0,377.0,306.0,448.0,15044.0,7.916666667,5.0,1.4640522875816993,1.2320261437908497
1707,18438,NC,M,1205.0,246.0,459.0,345.0,473.0,19319.0,4.176470588,5.0,1.3710144927536232,1.3304347826086957
1716,158389,CA,M,2971.0,302.0,288.0,340.0,322.0,6309.0,7.0,12.0,0.9470588235294117,0.8470588235294118
3764,43101,FL,F,2379.0,464.0,651.0,596.0,755.0,31616.0,19.0,10.0,1.266778523489933,1.092281879194631
1718,92801,IL,M,2906.0,688.0,653.0,740.0,707.0,,10.6,15.0,0.9554054054054054,0.8824324324324324
3766,190577,TX,F,786.0,385.0,493.0,391.0,466.0,,11.71428571,30.0,1.1918158567774937,1.2608695652173914
3768,185913,CA,M,2223.0,413.0,331.0,492.0,415.0,10217.0,5.666666667,10.0,0.8434959349593496,0.6727642276422764
1726,103613,MO,F,275.0,154.0,161.0,224.0,246.0,7925.0,9.25,15.0,1.0982142857142858,0.71875
1728,83530,MN,F,656.0,272.0,339.0,318.0,373.0,14010.0,28.6,5.0,1.1729559748427674,1.0660377358490567
1736,149089,CA,F,5687.0,515.0,540.0,729.0,787.0,,21.5,20.0,1.0795610425240054,0.7407407407407407
1737,150497,CA,M,3343.0,708.0,760.0,768.0,794.0,23333.0,17.5,40.0,1.0338541666666667,0.9895833333333334
3784,145885,CA,F,3130.0,564.0,624.0,631.0,682.0,25384.0,20.0,20.0,1.080824088748019,0.9889064976228209
3785,104401,KS,F,850.0,270.0,468.0,360.0,534.0,14689.0,10.35714286,15.0,1.4833333333333334,1.3
3791,160258,CA,M,2656.0,437.0,492.0,488.0,531.0,19931.0,8.7,15.0,1.0881147540983607,1.0081967213114753
3793,187696,TX,F,1182.0,269.0,374.0,361.0,482.0,16352.0,17.5,10.0,1.335180055401662,1.03601108033241
1746,146913,CA,F,2674.0,561.0,574.0,648.0,662.0,37883.0,19.16666667,25.0,1.021604938271605,0.8858024691358025
3800,113805,OK,F,392.0,216.0,238.0,322.0,355.0,14127.0,,20.0,1.1024844720496894,0.7391304347826086
3801,46203,CA,F,2347.0,471.0,570.0,574.0,669.0,30302.0,7.8,10.0,1.1655052264808363,0.9930313588850174
3802,78753,WI,F,668.0,174.0,271.0,241.0,330.0,12685.0,3.285714286,3.0,1.3692946058091287,1.1244813278008299
3804,160972,CA,M,1053.0,607.0,631.0,609.0,647.0,23739.0,28.53846154,53.0,1.0623973727422003,1.0361247947454844
3805,28514,GA,F,2159.0,871.0,905.0,938.0,968.0,39328.0,7.333333333,21.0,1.0319829424307037,0.964818763326226
1758,12998,WA,F,2075.0,723.0,743.0,823.0,845.0,29233.0,5.517241379,6.0,1.0267314702308628,0.9027946537059538
1757,26378,GA,F,1153.0,562.0,583.0,609.0,629.0,,50.0,100.0,1.0328407224958949,0.9573070607553367
1760,16756,NC,M,542.0,211.0,245.0,269.0,361.0,19216.0,15.4,15.0,1.342007434944238,0.9107806691449815
3809,39967,FL,M,1289.0,394.0,476.0,521.0,610.0,27608.0,50.0,75.0,1.1708253358925145,0.9136276391554703
3817,11738,CA,M,3818.0,584.0,637.0,649.0,708.0,27062.0,8.75,10.0,1.0909090909090908,0.9815100154083205
3820,162997,CA,F,550.0,137.0,218.0,296.0,426.0,18812.0,16.0,21.0,1.4391891891891893,0.7364864864864865
3825,157061,CA,F,5886.0,1096.0,1500.0,1005.0,1116.0,82369.0,20.0,25.0,1.1104477611940298,1.492537313432836
3830,157284,CA,F,5500.0,480.0,535.0,597.0,775.0,40224.0,15.0,20.0,1.2981574539363485,0.8961474036850922
3832,37575,FL,M,1938.0,400.0,482.0,500.0,606.0,34430.0,55.0,50.0,1.212,0.964
1785,162234,CA,M,5540.0,757.0,815.0,814.0,857.0,31488.0,21.0,26.0,1.0528255528255528,1.0012285012285012
1786,8880,CA,F,2596.0,515.0,518.0,584.0,588.0,20539.0,24.16666667,25.0,1.0068493150684932,0.886986301369863
1787,6643,CA,M,3199.0,490.0,537.0,595.0,641.0,27239.0,14.7,16.0,1.0773109243697478,0.9025210084033614
3835,32288,FL,F,875.0,119.0,188.0,142.0,191.0,9084.0,,10.0,1.3450704225352113,1.323943661971831
3842,152847,CA,M,2799.0,518.0,576.0,554.0,599.0,29620.0,14.80952381,37.0,1.0812274368231047,1.03971119133574
1799,82995,MN,M,719.0,365.0,561.0,430.0,519.0,18970.0,,5.0,1.2069767441860466,1.3046511627906976
3849,80378,WI,F,689.0,235.0,341.0,257.0,338.0,,4.857142857,5.0,1.3151750972762646,1.3268482490272373
1802,122046,TX,F,716.0,291.0,438.0,351.0,454.0,23868.0,20.0,25.0,1.2934472934472934,1.2478632478632479
1805,68148,MI,F,245.0,189.0,176.0,246.0,224.0,8638.0,,10.0,0.9105691056910569,0.7154471544715447
3854,13748,CA,F,4104.0,811.0,848.0,827.0,876.0,29544.0,10.30769231,12.0,1.0592503022974606,1.0253929866989118
1816,172801,CA,M,710.0,236.0,388.0,313.0,400.0,,13.57142857,10.0,1.2779552715654952,1.2396166134185302
1818,121755,TX,M,1364.0,634.0,673.0,768.0,811.0,42549.0,15.0,15.0,1.0559895833333333,0.8763020833333334
1819,147747,CA,F,3005.0,348.0,385.0,455.0,503.0,18396.0,9.470588235,13.0,1.1054945054945056,0.8461538461538461
1824,164986,CA,F,3142.0,658.0,770.0,675.0,768.0,23169.0,12.5,15.0,1.1377777777777778,1.1407407407407408
3872,102181,MO,F,915.0,307.0,442.0,385.0,537.0,22420.0,13.3,15.0,1.3948051948051947,1.148051948051948
1826,93995,IL,F,2172.0,427.0,625.0,561.0,805.0,34738.0,3.25,10.0,1.4349376114081998,1.1140819964349375
1827,84097,MN,F,,710.0,941.0,775.0,932.0,,25.0,25.0,1.2025806451612904,1.2141935483870967
3877,164220,CA,F,2869.0,630.0,668.0,686.0,745.0,24945.0,10.5,10.0,1.08600583090379,0.9737609329446064
3880,115188,OK,F,160.0,118.0,170.0,161.0,218.0,7192.0,10.5,16.0,1.3540372670807452,1.0559006211180124
1834,100411,MO,M,733.0,337.0,409.0,359.0,426.0,15662.0,26.25,30.0,1.1866295264623956,1.139275766016713
3883,157106,CA,F,5886.0,1096.0,1500.0,1005.0,1116.0,82369.0,19.3125,26.0,1.1104477611940298,1.492537313432836
1836,99410,MO,F,2041.0,,858.0,943.0,950.0,,9.833333333,17.0,1.007423117709438,0.9098621420996819
3882,55117,MS,F,668.0,303.0,456.0,326.0,484.0,18900.0,15.0,15.0,1.4846625766871167,1.3987730061349692
1845,127511,TX,F,945.0,398.0,578.0,446.0,563.0,19790.0,17.18181818,23.0,1.2623318385650224,1.295964125560538
1846,56337,KY,F,714.0,187.0,290.0,282.0,376.0,13679.0,12.07142857,15.0,1.3333333333333333,1.0283687943262412
3898,190311,SC,M,,249.0,419.0,305.0,410.0,19689.0,14.35869565,15.0,1.3442622950819672,1.3737704918032787
3903,17418,NC,F,853.0,289.0,450.0,331.0,440.0,17351.0,9.75,13.0,1.3293051359516617,1.3595166163141994
1857,43104,CA,F,,498.0,700.0,632.0,782.0,35814.0,5.840909091,9.0,1.2373417721518987,1.1075949367088607
1858,162254,CA,F,5564.0,839.0,860.0,860.0,892.0,,19.16666667,35.0,1.0372093023255815,1.0
1865,162492,CA,F,2625.0,513.0,533.0,517.0,523.0,15740.0,,10.0,1.011605415860735,1.0309477756286267
1869,70076,MI,M,403.0,327.0,375.0,304.0,364.0,15337.0,7.32,10.0,1.1973684210526316,1.2335526315789473
3928,171358,CA,M,2631.0,689.0,753.0,772.0,816.0,38138.0,19.61538462,30.0,1.0569948186528497,0.9753886010362695
3935,86692,ND,M,349.0,201.0,272.0,214.0,281.0,9651.0,12.2,19.0,1.3130841121495327,1.2710280373831775
3936,7082,CA,F,3327.0,404.0,429.0,484.0,538.0,18128.0,10.88888889,10.0,1.1115702479338843,0.8863636363636364
3940,83718,MN,F,813.0,216.0,295.0,281.0,382.0,18722.0,2.705882353,3.0,1.3594306049822065,1.0498220640569396
1899,149414,CA,F,4240.0,714.0,814.0,830.0,919.0,49256.0,8.466666667,9.0,1.1072289156626507,0.980722891566265
3949,165820,CA,F,2854.0,732.0,749.0,760.0,785.0,29170.0,20.0,20.0,1.0328947368421053,0.9855263157894737
1901,154158,CA,F,838.0,163.0,176.0,235.0,241.0,6653.0,6.666666667,7.0,1.025531914893617,0.7489361702127659
1903,1617,CA,F,5970.0,1386.0,1496.0,1208.0,1273.0,62822.0,10.18181818,15.0,1.0538079470198676,1.2384105960264902
3951,159721,CA,F,683.0,194.0,216.0,295.0,333.0,10267.0,11.36363636,35.0,1.1288135593220339,0.7322033898305085
3953,174152,HI,F,3373.0,633.0,628.0,669.0,673.0,,13.0,26.0,1.0059790732436473,0.9387144992526159
1911,45201,FL,M,817.0,282.0,288.0,413.0,473.0,36395.0,7.666666667,11.0,1.145278450363196,0.6973365617433414
1914,181799,WA,M,2049.0,442.0,448.0,573.0,626.0,24413.0,25.4,35.0,1.0924956369982548,0.7818499127399651
3965,4881,FL,M,599.0,100.0,406.0,200.0,423.0,11670.0,9.230769231,10.0,2.115,2.03
1917,183954,WA,M,507.0,243.0,335.0,265.0,326.0,10337.0,11.66666667,10.0,1.230188679245283,1.2641509433962264
3967,2231,WI,M,564.0,217.0,386.0,295.0,397.0,12315.0,11.4,14.0,1.3457627118644069,1.3084745762711865
1923,47371,AL,F,288.0,129.0,164.0,131.0,167.0,7079.0,5.285714286,5.0,1.2748091603053435,1.251908396946565
3974,4638,CA,F,2473.0,585.0,586.0,610.0,611.0,21343.0,25.84375,25.0,1.001639344262295,0.9606557377049181
3976,162867,CA,M,3330.0,517.0,581.0,576.0,632.0,22695.0,12.5,11.0,1.0972222222222223,1.0086805555555556
3977,145540,CA,M,4178.0,659.0,687.0,723.0,764.0,26035.0,10.0,21.0,1.0567081604426003,0.950207468879668
1931,88856,IL,F,2347.0,615.0,736.0,786.0,870.0,61923.0,,4.0,1.1068702290076335,0.9363867684478372
3980,142600,CA,F,919.0,89.0,193.0,154.0,210.0,4825.0,25.0,25.0,1.3636363636363635,1.2532467532467533
1933,143936,CA,M,4956.0,805.0,1081.0,861.0,1058.0,64234.0,,55.0,1.2288037166085946,1.2555168408826944
3985,117326,TX,F,1715.0,554.0,750.0,626.0,837.0,31480.0,6.916666667,10.0,1.3370607028753994,1.1980830670926517
3990,151175,CA,F,2707.0,507.0,504.0,538.0,537.0,16165.0,12.11764706,22.0,0.9981412639405205,0.9368029739776952
3991,151504,CA,M,2666.0,535.0,609.0,612.0,653.0,24745.0,12.33333333,21.0,1.0669934640522876,0.9950980392156863
1945,14717,CO,F,,205.0,138.0,281.0,131.0,,6.458333333,15.0,0.46619217081850534,0.49110320284697506
1949,81630,WI,F,182.0,78.0,181.0,126.0,209.0,,4.352941177,12.0,1.6587301587301588,1.4365079365079365
1965,143996,CA,F,5951.0,1184.0,1330.0,1060.0,1093.0,80928.0,7.083333333,10.0,1.0311320754716982,1.2547169811320755
1970,9727,CA,F,5908.0,1122.0,1267.0,991.0,1088.0,81205.0,81.25,25.0,1.0978809283551967,1.2785065590312816
1976,147758,CA,F,5643.0,772.0,939.0,828.0,971.0,55164.0,13.33333333,25.0,1.172705314009662,1.1340579710144927
1984,163546,CA,M,4169.0,540.0,670.0,570.0,667.0,24535.0,11.85714286,15.0,1.1701754385964913,1.1754385964912282
1986,149534,CA,F,5000.0,850.0,931.0,862.0,931.0,39028.0,25.0,30.0,1.080046403712297,1.080046403712297
1993,152470,CA,F,5725.0,610.0,763.0,698.0,807.0,53158.0,23.72727273,45.0,1.156160458452722,1.0931232091690544
1997,92293,IL,F,3359.0,878.0,897.0,934.0,973.0,35266.0,5.8,5.0,1.0417558886509637,0.9603854389721628
2010,167406,CA,F,4135.0,602.0,608.0,665.0,694.0,33830.0,7.0,7.0,1.043609022556391,0.9142857142857143
2011,170722,CA,F,2043.0,296.0,569.0,399.0,598.0,15530.0,13.8,20.0,1.4987468671679198,1.4260651629072683
2013,66577,MI,F,2417.0,575.0,835.0,693.0,905.0,34152.0,10.5,10.0,1.305916305916306,1.204906204906205
2019,162341,CA,F,3693.0,358.0,393.0,393.0,442.0,16753.0,11.28571429,14.0,1.1246819338422391,1.0
2028,24420,SC,F,1333.0,162.0,451.0,234.0,476.0,4738.0,8.625,12.0,2.034188034188034,1.9273504273504274
2029,165368,CA,M,3899.0,733.0,786.0,749.0,811.0,,33.33333333,20.0,1.0827770360480642,1.0493991989319091
2035,145911,CA,F,3314.0,781.0,755.0,820.0,828.0,25608.0,11.66666667,10.0,1.0097560975609756,0.9207317073170732
